Workbook

Sheet Huong_dan
A1: SỔ KIỂM CHỨNG SAI SỐ TRUNG BÌNH — ĐỊNH VỊ CHỈ BẰNG HUIM
A3: Mỗi sheet <dataset>_<tập test> chứa toàn bộ dự đoán của tập test đó, chép từ du_doan/*.csv.
A4: Cột F tính sai số từng mẫu bằng công thức: SQRT((x dự đoán - x thật)^2 + (y dự đoán - y thật)^2) x hệ số mét (ô L1).
A5: L3 = AVERAGE(F) là sai số trung bình tính lại; L6 là con số pipeline báo cáo; L7 là chênh lệch.
A6: Hệ số mét: UJIIndoorLoc dùng toạ độ Web Mercator (EPSG:3857), mét thực địa = mét chiếu x 0,766126; các dataset khác dùng mét trực tiếp (hệ số 1).
A7: Sheet Tong_hop gom kết quả mọi tập test; cột Kết luận ghi KHỚP khi chênh lệch dưới 0,00005 m.
A8: Sheet Vi_du_UJI_mot_truy_van dựng lại toạ độ dự đoán của một truy vấn từ các ô HUIM chọn bằng SUMPRODUCT.
A9: Ô màu xanh lá là kết quả công thức; chữ xanh dương là giá trị nhập từ file.

Sheet Tong_hop
A1: Dataset | B1: Tập test | C1: Số mẫu | D1: Hệ số mét | E1: TB tính bằng công thức (m) | F1: TB báo cáo (m) | G1: Chênh lệch (m) | H1: Đúng tòa+tầng (công thức) | I1: Đúng tòa+tầng báo cáo | J1: Kết luận
A2: UJIIndoorLoc | B2: validationData | C2: 1111 | D2: 0.766126 | E2: ='uji_validationData'!L3 | F2: 8.0591 | G2: =E2-F2 | H2: ='uji_validationData'!L5 | I2: 0.80378 | J2: =IF(ABS(G2)<0.00005,"KHỚP","LỆCH")
A3: UJI_LIB tầng 3 | B3: Test-01 | C3: 7200 | D3: 1 | E3: ='uji_lib3_Test-01'!L3 | F3: 2.5698 | G3: =E3-F3 | H3: ='uji_lib3_Test-01'!L5 | I3: 1 | J3: =IF(ABS(G3)<0.00005,"KHỚP","LỆCH")
A4: UJI_LIB tầng 3 | B4: Test-02 | C4: 7200 | D4: 1 | E4: ='uji_lib3_Test-02'!L3 | F4: 2.6792 | G4: =E4-F4 | H4: ='uji_lib3_Test-02'!L5 | I4: 1 | J4: =IF(ABS(G4)<0.00005,"KHỚP","LỆCH")
A5: DLULIB | B5: Testing | C5: 6500 | D5: 1 | E5: ='dlulib_Testing'!L3 | F5: 6.0098 | G5: =E5-F5 | H5: ='dlulib_Testing'!L5 | I5: 0.968 | J5: =IF(ABS(G5)<0.00005,"KHỚP","LỆCH")
A6: HCXY | B6: test_HCXY | C6: 860 | D6: 1 | E6: ='hcxy_test_HCXY'!L3 | F6: 2.8207 | G6: =E6-F6 | H6: ='hcxy_test_HCXY'!L5 | I6: 1 | J6: =IF(ABS(G6)<0.00005,"KHỚP","LỆCH")
A7: HUS | B7: testcase1 | C7: 205 | D7: 1 | E7: ='hus_testcase1'!L3 | F7: 1.299 | G7: =E7-F7 | H7: ='hus_testcase1'!L5 | I7: 1 | J7: =IF(ABS(G7)<0.00005,"KHỚP","LỆCH")
A8: HUS | B8: testcase2 | C8: 205 | D8: 1 | E8: ='hus_testcase2'!L3 | F8: 1.5429 | G8: =E8-F8 | H8: ='hus_testcase2'!L5 | I8: 1 | J8: =IF(ABS(G8)<0.00005,"KHỚP","LỆCH")
A9: HUS (khử trùng lặp) | B9: testcase1 | C9: 205 | D9: 1 | E9: ='hus_dedup_testcase1'!L3 | F9: 1.303 | G9: =E9-F9 | H9: ='hus_dedup_testcase1'!L5 | I9: 1 | J9: =IF(ABS(G9)<0.00005,"KHỚP","LỆCH")
A10: HUS (khử trùng lặp) | B10: testcase2 | C10: 205 | D10: 1 | E10: ='hus_dedup_testcase2'!L3 | F10: 1.5362 | G10: =E10-F10 | H10: ='hus_dedup_testcase2'!L5 | I10: 1 | J10: =IF(ABS(G10)<0.00005,"KHỚP","LỆCH")

Sheet uji_validationData
A1: Dòng nguồn | B1: x thật | C1: y thật | D1: x dự đoán | E1: y dự đoán | F1: Sai số (m) = công thức | G1: Tòa_tầng thật | H1: Tòa_tầng dự đoán | I1: Đúng (1/0) | K1: Hệ số mét | L1: 0.766126
A2: 2 | B2: -7515.9168 | C2: 4864889.7 | D2: -7497.3628 | E2: 4864892.1 | F2: =SQRT((D2-B2)^2+(E2-C2)^2)*$L$1 | G2: 1_1 | H2: 1_2 | I2: =IF(G2=H2,1,0)
A3: 3 | B3: -7383.8672 | C3: 4864839.7 | D3: -7358.8761 | E3: 4864839.3 | F3: =SQRT((D3-B3)^2+(E3-C3)^2)*$L$1 | G3: 2_4 | H3: 2_3 | I3: =IF(G3=H3,1,0) | K3: TB sai số (m) | L3: =AVERAGE(F2:F1112)
A4: 4 | B4: -7374.3021 | C4: 4864846.5 | D4: -7371.5441 | E4: 4864845.6 | F4: =SQRT((D4-B4)^2+(E4-C4)^2)*$L$1 | G4: 2_4 | H4: 2_4 | I4: =IF(G4=H4,1,0) | K4: Trung vị (m) | L4: =MEDIAN(F2:F1112)
A5: 5 | B5: -7365.8249 | C5: 4864842.8 | D5: -7365.1006 | E5: 4864842.5 | F5: =SQRT((D5-B5)^2+(E5-C5)^2)*$L$1 | G5: 2_4 | H5: 2_4 | I5: =IF(G5=H5,1,0) | K5: Đúng tòa+tầng | L5: =AVERAGE(I2:I1112)
A6: 6 | B6: -7641.4993 | C6: 4864922.4 | D6: -7642.5612 | E6: 4864912 | F6: =SQRT((D6-B6)^2+(E6-C6)^2)*$L$1 | G6: 0_2 | H6: 0_2 | I6: =IF(G6=H6,1,0) | K6: TB báo cáo (m) | L6: 8.0591
A7: 7 | B7: -7338.8072 | C7: 4864825.5 | D7: -7323.0732 | E7: 4864820.5 | F7: =SQRT((D7-B7)^2+(E7-C7)^2)*$L$1 | G7: 2_2 | H7: 2_2 | I7: =IF(G7=H7,1,0) | K7: Chênh lệch (m) | L7: =L3-L6
A8: 8 | B8: -7379.3517 | C8: 4864849.2 | D8: -7365.6103 | E8: 4864843.4 | F8: =SQRT((D8-B8)^2+(E8-C8)^2)*$L$1 | G8: 2_3 | H8: 2_3 | I8: =IF(G8=H8,1,0)
A9: 9 | B9: -7340.5588 | C9: 4864758.9 | D9: -7359.8322 | E9: 4864763.5 | F9: =SQRT((D9-B9)^2+(E9-C9)^2)*$L$1 | G9: 2_3 | H9: 2_3 | I9: =IF(G9=H9,1,0)
A10: 10 | B10: -7357.5313 | C10: 4864765.8 | D10: -7359.2783 | E10: 4864766.4 | F10: =SQRT((D10-B10)^2+(E10-C10)^2)*$L$1 | G10: 2_2 | H10: 2_2 | I10: =IF(G10=H10,1,0)
A11: 11 | B11: -7345.0852 | C11: 4864830.8 | D11: -7331.7817 | E11: 4864822.2 | F11: =SQRT((D11-B11)^2+(E11-C11)^2)*$L$1 | G11: 2_0 | H11: 2_0 | I11: =IF(G11=H11,1,0)
A12: 12 | B12: -7344.1827 | C12: 4864754.2 | D12: -7356.4762 | E12: 4864764.7 | F12: =SQRT((D12-B12)^2+(E12-C12)^2)*$L$1 | G12: 2_2 | H12: 2_2 | I12: =IF(G12=H12,1,0)
A13: 13 | B13: -7372.664 | C13: 4864844.4 | D13: -7364.5682 | E13: 4864839.9 | F13: =SQRT((D13-B13)^2+(E13-C13)^2)*$L$1 | G13: 2_0 | H13: 2_0 | I13: =IF(G13=H13,1,0)
A14: 14 | B14: -7377.0679 | C14: 4864849.2 | D14: -7374.04 | E14: 4864844.3 | F14: =SQRT((D14-B14)^2+(E14-C14)^2)*$L$1 | G14: 2_0 | H14: 2_0 | I14: =IF(G14=H14,1,0)
A15: 15 | B15: -7331.1001 | C15: 4864766.9 | D15: -7357.2088 | E15: 4864765.2 | F15: =SQRT((D15-B15)^2+(E15-C15)^2)*$L$1 | G15: 2_2 | H15: 2_2 | I15: =IF(G15=H15,1,0)
A16: 16 | B16: -7385.8715 | C16: 4864840 | D16: -7377.1996 | E16: 4864842.3 | F16: =SQRT((D16-B16)^2+(E16-C16)^2)*$L$1 | G16: 2_0 | H16: 2_0 | I16: =IF(G16=H16,1,0)
A17: 17 | B17: -7393.4351 | C17: 4864836.7 | D17: -7351.914 | E17: 4864838 | F17: =SQRT((D17-B17)^2+(E17-C17)^2)*$L$1 | G17: 2_1 | H17: 2_1 | I17: =IF(G17=H17,1,0)
A18: 18 | B18: -7559.6781 | C18: 4864887.5 | D18: -7540.8648 | E18: 4864894.7 | F18: =SQRT((D18-B18)^2+(E18-C18)^2)*$L$1 | G18: 1_3 | H18: 1_3 | I18: =IF(G18=H18,1,0)
A19: 19 | B19: -7414.4503 | C19: 4864788.5 | D19: -7408.773 | E19: 4864789.4 | F19: =SQRT((D19-B19)^2+(E19-C19)^2)*$L$1 | G19: 2_4 | H19: 2_4 | I19: =IF(G19=H19,1,0)
... A1112: 1112 | B1112: -7637.9441 | C1112: 4864903.5 | D1112: -7639.8413 | E1112: 4864914.1 | F1112: =SQRT((D1112-B1112)^2+(E1112-C1112)^2)*$L$1 | G1112: 0_0 | H1112: 0_0 | I1112: =IF(G1112=H1112,1,0)

Sheet uji_lib3_Test-01
A1: Dòng nguồn | B1: x thật | C1: y thật | D1: x dự đoán | E1: y dự đoán | F1: Sai số (m) = công thức | G1: Tòa_tầng thật | H1: Tòa_tầng dự đoán | I1: Đúng (1/0) | K1: Hệ số mét | L1: 1
A2: 2 | B2: 4.1347719 | C2: 16.699815 | D2: 10.403451 | E2: 17.332886 | F2: =SQRT((D2-B2)^2+(E2-C2)^2)*$L$1 | G2: 0_3 | H2: 0_3 | I2: =IF(G2=H2,1,0)
A3: 3 | B3: 4.1347719 | C3: 16.699815 | D3: 9.1266604 | E3: 17.701088 | F3: =SQRT((D3-B3)^2+(E3-C3)^2)*$L$1 | G3: 0_3 | H3: 0_3 | I3: =IF(G3=H3,1,0) | K3: TB sai số (m) | L3: =AVERAGE(F2:F7201)
A4: 4 | B4: 4.1347719 | C4: 16.699815 | D4: 8.1834099 | E4: 17.164927 | F4: =SQRT((D4-B4)^2+(E4-C4)^2)*$L$1 | G4: 0_3 | H4: 0_3 | I4: =IF(G4=H4,1,0) | K4: Trung vị (m) | L4: =MEDIAN(F2:F7201)
A5: 5 | B5: 4.1347719 | C5: 16.699815 | D5: 8.4263737 | E5: 17.309276 | F5: =SQRT((D5-B5)^2+(E5-C5)^2)*$L$1 | G5: 0_3 | H5: 0_3 | I5: =IF(G5=H5,1,0) | K5: Đúng tòa+tầng | L5: =AVERAGE(I2:I7201)
A6: 6 | B6: 4.1347719 | C6: 16.699815 | D6: 7.2143222 | E6: 17.175252 | F6: =SQRT((D6-B6)^2+(E6-C6)^2)*$L$1 | G6: 0_3 | H6: 0_3 | I6: =IF(G6=H6,1,0) | K6: TB báo cáo (m) | L6: 2.5698
A7: 7 | B7: 4.1347719 | C7: 16.699815 | D7: 6.5706032 | E7: 16.896555 | F7: =SQRT((D7-B7)^2+(E7-C7)^2)*$L$1 | G7: 0_3 | H7: 0_3 | I7: =IF(G7=H7,1,0) | K7: Chênh lệch (m) | L7: =L3-L6
A8: 8 | B8: 4.1347719 | C8: 16.699815 | D8: 4.3454382 | E8: 16.699943 | F8: =SQRT((D8-B8)^2+(E8-C8)^2)*$L$1 | G8: 0_3 | H8: 0_3 | I8: =IF(G8=H8,1,0)
A9: 9 | B9: 4.1347719 | C9: 16.699815 | D9: 4.4700709 | E9: 16.700291 | F9: =SQRT((D9-B9)^2+(E9-C9)^2)*$L$1 | G9: 0_3 | H9: 0_3 | I9: =IF(G9=H9,1,0)
A10: 10 | B10: 4.1347719 | C10: 16.699815 | D10: 4.4131214 | E10: 16.700953 | F10: =SQRT((D10-B10)^2+(E10-C10)^2)*$L$1 | G10: 0_3 | H10: 0_3 | I10: =IF(G10=H10,1,0)
A11: 11 | B11: 4.1347719 | C11: 16.699815 | D11: 4.5262626 | E11: 16.7002 | F11: =SQRT((D11-B11)^2+(E11-C11)^2)*$L$1 | G11: 0_3 | H11: 0_3 | I11: =IF(G11=H11,1,0)
A12: 12 | B12: 4.1347719 | C12: 16.699815 | D12: 4.4282608 | E12: 16.701043 | F12: =SQRT((D12-B12)^2+(E12-C12)^2)*$L$1 | G12: 0_3 | H12: 0_3 | I12: =IF(G12=H12,1,0)
A13: 13 | B13: 4.1347719 | C13: 16.699815 | D13: 5.0445309 | E13: 16.71726 | F13: =SQRT((D13-B13)^2+(E13-C13)^2)*$L$1 | G13: 0_3 | H13: 0_3 | I13: =IF(G13=H13,1,0)
A14: 14 | B14: 4.1347719 | C14: 16.699815 | D14: 6.9053286 | E14: 16.838639 | F14: =SQRT((D14-B14)^2+(E14-C14)^2)*$L$1 | G14: 0_3 | H14: 0_3 | I14: =IF(G14=H14,1,0)
A15: 15 | B15: 4.1347719 | C15: 16.699815 | D15: 7.8211505 | E15: 16.790507 | F15: =SQRT((D15-B15)^2+(E15-C15)^2)*$L$1 | G15: 0_3 | H15: 0_3 | I15: =IF(G15=H15,1,0)
A16: 16 | B16: 4.1347719 | C16: 16.699815 | D16: 5.8216682 | E16: 16.785457 | F16: =SQRT((D16-B16)^2+(E16-C16)^2)*$L$1 | G16: 0_3 | H16: 0_3 | I16: =IF(G16=H16,1,0)
A17: 17 | B17: 4.1347719 | C17: 16.699815 | D17: 5.4694957 | E17: 16.833212 | F17: =SQRT((D17-B17)^2+(E17-C17)^2)*$L$1 | G17: 0_3 | H17: 0_3 | I17: =IF(G17=H17,1,0)
A18: 18 | B18: 4.1347719 | C18: 16.699815 | D18: 6.3802461 | E18: 16.855345 | F18: =SQRT((D18-B18)^2+(E18-C18)^2)*$L$1 | G18: 0_3 | H18: 0_3 | I18: =IF(G18=H18,1,0)
A19: 19 | B19: 4.1347719 | C19: 16.699815 | D19: 7.8324904 | E19: 16.706195 | F19: =SQRT((D19-B19)^2+(E19-C19)^2)*$L$1 | G19: 0_3 | H19: 0_3 | I19: =IF(G19=H19,1,0)
... A7201: 7201 | B7201: 12.913852 | C7201: 29.216544 | D7201: 12.913813 | E7201: 29.21648 | F7201: =SQRT((D7201-B7201)^2+(E7201-C7201)^2)*$L$1 | G7201: 0_3 | H7201: 0_3 | I7201: =IF(G7201=H7201,1,0)

Sheet uji_lib3_Test-02
A1: Dòng nguồn | B1: x thật | C1: y thật | D1: x dự đoán | E1: y dự đoán | F1: Sai số (m) = công thức | G1: Tòa_tầng thật | H1: Tòa_tầng dự đoán | I1: Đúng (1/0) | K1: Hệ số mét | L1: 1
A2: 2 | B2: 5.1347719 | C2: 16.699815 | D2: 5.6149147 | E2: 16.811268 | F2: =SQRT((D2-B2)^2+(E2-C2)^2)*$L$1 | G2: 0_3 | H2: 0_3 | I2: =IF(G2=H2,1,0)
A3: 3 | B3: 5.1347719 | C3: 16.699815 | D3: 5.7855125 | E3: 19.201109 | F3: =SQRT((D3-B3)^2+(E3-C3)^2)*$L$1 | G3: 0_3 | H3: 0_3 | I3: =IF(G3=H3,1,0) | K3: TB sai số (m) | L3: =AVERAGE(F2:F7201)
A4: 4 | B4: 5.1347719 | C4: 16.699815 | D4: 6.0761022 | E4: 18.652192 | F4: =SQRT((D4-B4)^2+(E4-C4)^2)*$L$1 | G4: 0_3 | H4: 0_3 | I4: =IF(G4=H4,1,0) | K4: Trung vị (m) | L4: =MEDIAN(F2:F7201)
A5: 5 | B5: 5.1347719 | C5: 16.699815 | D5: 6.7183495 | E5: 19.12003 | F5: =SQRT((D5-B5)^2+(E5-C5)^2)*$L$1 | G5: 0_3 | H5: 0_3 | I5: =IF(G5=H5,1,0) | K5: Đúng tòa+tầng | L5: =AVERAGE(I2:I7201)
A6: 6 | B6: 5.1347719 | C6: 16.699815 | D6: 6.3229758 | E6: 18.956274 | F6: =SQRT((D6-B6)^2+(E6-C6)^2)*$L$1 | G6: 0_3 | H6: 0_3 | I6: =IF(G6=H6,1,0) | K6: TB báo cáo (m) | L6: 2.6792
A7: 7 | B7: 5.1347719 | C7: 16.699815 | D7: 5.3392518 | E7: 17.246066 | F7: =SQRT((D7-B7)^2+(E7-C7)^2)*$L$1 | G7: 0_3 | H7: 0_3 | I7: =IF(G7=H7,1,0) | K7: Chênh lệch (m) | L7: =L3-L6
A8: 8 | B8: 5.1347719 | C8: 16.699815 | D8: 4.2298093 | E8: 16.705552 | F8: =SQRT((D8-B8)^2+(E8-C8)^2)*$L$1 | G8: 0_3 | H8: 0_3 | I8: =IF(G8=H8,1,0)
A9: 9 | B9: 5.1347719 | C9: 16.699815 | D9: 4.2461239 | E9: 16.70103 | F9: =SQRT((D9-B9)^2+(E9-C9)^2)*$L$1 | G9: 0_3 | H9: 0_3 | I9: =IF(G9=H9,1,0)
A10: 10 | B10: 5.1347719 | C10: 16.699815 | D10: 4.2222047 | E10: 16.711674 | F10: =SQRT((D10-B10)^2+(E10-C10)^2)*$L$1 | G10: 0_3 | H10: 0_3 | I10: =IF(G10=H10,1,0)
A11: 11 | B11: 5.1347719 | C11: 16.699815 | D11: 4.4801747 | E11: 16.701507 | F11: =SQRT((D11-B11)^2+(E11-C11)^2)*$L$1 | G11: 0_3 | H11: 0_3 | I11: =IF(G11=H11,1,0)
A12: 12 | B12: 5.1347719 | C12: 16.699815 | D12: 4.2231505 | E12: 16.70221 | F12: =SQRT((D12-B12)^2+(E12-C12)^2)*$L$1 | G12: 0_3 | H12: 0_3 | I12: =IF(G12=H12,1,0)
A13: 13 | B13: 5.1347719 | C13: 16.699815 | D13: 4.3276612 | E13: 16.706892 | F13: =SQRT((D13-B13)^2+(E13-C13)^2)*$L$1 | G13: 0_3 | H13: 0_3 | I13: =IF(G13=H13,1,0)
A14: 14 | B14: 5.1347719 | C14: 16.699815 | D14: 5.8923079 | E14: 16.91321 | F14: =SQRT((D14-B14)^2+(E14-C14)^2)*$L$1 | G14: 0_3 | H14: 0_3 | I14: =IF(G14=H14,1,0)
A15: 15 | B15: 5.1347719 | C15: 16.699815 | D15: 5.6550762 | E15: 16.794001 | F15: =SQRT((D15-B15)^2+(E15-C15)^2)*$L$1 | G15: 0_3 | H15: 0_3 | I15: =IF(G15=H15,1,0)
A16: 16 | B16: 5.1347719 | C16: 16.699815 | D16: 4.9215527 | E16: 16.792333 | F16: =SQRT((D16-B16)^2+(E16-C16)^2)*$L$1 | G16: 0_3 | H16: 0_3 | I16: =IF(G16=H16,1,0)
A17: 17 | B17: 5.1347719 | C17: 16.699815 | D17: 4.3561151 | E17: 16.711075 | F17: =SQRT((D17-B17)^2+(E17-C17)^2)*$L$1 | G17: 0_3 | H17: 0_3 | I17: =IF(G17=H17,1,0)
A18: 18 | B18: 5.1347719 | C18: 16.699815 | D18: 4.7009019 | E18: 16.753982 | F18: =SQRT((D18-B18)^2+(E18-C18)^2)*$L$1 | G18: 0_3 | H18: 0_3 | I18: =IF(G18=H18,1,0)
A19: 19 | B19: 5.1347719 | C19: 16.699815 | D19: 7.2254844 | E19: 16.977243 | F19: =SQRT((D19-B19)^2+(E19-C19)^2)*$L$1 | G19: 0_3 | H19: 0_3 | I19: =IF(G19=H19,1,0)
... A7201: 7201 | B7201: 13.913852 | C7201: 29.216544 | D7201: 12.912044 | E7201: 29.213681 | F7201: =SQRT((D7201-B7201)^2+(E7201-C7201)^2)*$L$1 | G7201: 0_3 | H7201: 0_3 | I7201: =IF(G7201=H7201,1,0)

Sheet dlulib_Testing
A1: Dòng nguồn | B1: x thật | C1: y thật | D1: x dự đoán | E1: y dự đoán | F1: Sai số (m) = công thức | G1: Tòa_tầng thật | H1: Tòa_tầng dự đoán | I1: Đúng (1/0) | K1: Hệ số mét | L1: 1
A2: 2 | B2: 6.8 | C2: 0.8 | D2: 7.2205645 | E2: 8.7023115 | F2: =SQRT((D2-B2)^2+(E2-C2)^2)*$L$1 | G2: 0_1 | H2: 0_1 | I2: =IF(G2=H2,1,0)
A3: 3 | B3: 6.8 | C3: 0.8 | D3: 6.3464989 | E3: 6.518615 | F3: =SQRT((D3-B3)^2+(E3-C3)^2)*$L$1 | G3: 0_1 | H3: 0_1 | I3: =IF(G3=H3,1,0) | K3: TB sai số (m) | L3: =AVERAGE(F2:F6501)
A4: 4 | B4: 6.8 | C4: 0.8 | D4: 5.0546563 | E4: 6.4219598 | F4: =SQRT((D4-B4)^2+(E4-C4)^2)*$L$1 | G4: 0_1 | H4: 0_1 | I4: =IF(G4=H4,1,0) | K4: Trung vị (m) | L4: =MEDIAN(F2:F6501)
A5: 5 | B5: 6.8 | C5: 0.8 | D5: 15.207295 | E5: 3.5951111 | F5: =SQRT((D5-B5)^2+(E5-C5)^2)*$L$1 | G5: 0_1 | H5: 0_1 | I5: =IF(G5=H5,1,0) | K5: Đúng tòa+tầng | L5: =AVERAGE(I2:I6501)
A6: 6 | B6: 6.8 | C6: 0.8 | D6: 5.9949742 | E6: 5.3928515 | F6: =SQRT((D6-B6)^2+(E6-C6)^2)*$L$1 | G6: 0_1 | H6: 0_1 | I6: =IF(G6=H6,1,0) | K6: TB báo cáo (m) | L6: 6.0098
A7: 7 | B7: 6.8 | C7: 0.8 | D7: 11.719016 | E7: 5.6102791 | F7: =SQRT((D7-B7)^2+(E7-C7)^2)*$L$1 | G7: 0_1 | H7: 0_1 | I7: =IF(G7=H7,1,0) | K7: Chênh lệch (m) | L7: =L3-L6
A8: 8 | B8: 6.8 | C8: 0.8 | D8: 8.1181539 | E8: 6.8519323 | F8: =SQRT((D8-B8)^2+(E8-C8)^2)*$L$1 | G8: 0_1 | H8: 0_1 | I8: =IF(G8=H8,1,0)
A9: 9 | B9: 6.8 | C9: 0.8 | D9: 14.226989 | E9: 3.6253728 | F9: =SQRT((D9-B9)^2+(E9-C9)^2)*$L$1 | G9: 0_1 | H9: 0_1 | I9: =IF(G9=H9,1,0)
A10: 10 | B10: 6.8 | C10: 0.8 | D10: 15.77116 | E10: 3.5744334 | F10: =SQRT((D10-B10)^2+(E10-C10)^2)*$L$1 | G10: 0_1 | H10: 0_1 | I10: =IF(G10=H10,1,0)
A11: 11 | B11: 6.8 | C11: 0.8 | D11: 12.374755 | E11: 5.2887133 | F11: =SQRT((D11-B11)^2+(E11-C11)^2)*$L$1 | G11: 0_1 | H11: 0_1 | I11: =IF(G11=H11,1,0)
A12: 12 | B12: 8 | C12: 0.8 | D12: 9.5145878 | E12: 4.9366982 | F12: =SQRT((D12-B12)^2+(E12-C12)^2)*$L$1 | G12: 0_1 | H12: 0_1 | I12: =IF(G12=H12,1,0)
A13: 13 | B13: 8 | C13: 0.8 | D13: 29.230454 | E13: 6.0518528 | F13: =SQRT((D13-B13)^2+(E13-C13)^2)*$L$1 | G13: 0_1 | H13: 0_1 | I13: =IF(G13=H13,1,0)
A14: 14 | B14: 8 | C14: 0.8 | D14: 24.863821 | E14: 6.6616164 | F14: =SQRT((D14-B14)^2+(E14-C14)^2)*$L$1 | G14: 0_1 | H14: 0_1 | I14: =IF(G14=H14,1,0)
A15: 15 | B15: 8 | C15: 0.8 | D15: 11.44521 | E15: 7.0821574 | F15: =SQRT((D15-B15)^2+(E15-C15)^2)*$L$1 | G15: 0_1 | H15: 0_1 | I15: =IF(G15=H15,1,0)
A16: 16 | B16: 8 | C16: 0.8 | D16: 27.707296 | E16: 5.1057883 | F16: =SQRT((D16-B16)^2+(E16-C16)^2)*$L$1 | G16: 0_1 | H16: 0_1 | I16: =IF(G16=H16,1,0)
A17: 17 | B17: 8 | C17: 0.8 | D17: 11.185549 | E17: 6.1461531 | F17: =SQRT((D17-B17)^2+(E17-C17)^2)*$L$1 | G17: 0_1 | H17: 0_1 | I17: =IF(G17=H17,1,0)
A18: 18 | B18: 8 | C18: 0.8 | D18: 24.522145 | E18: 4.7958065 | F18: =SQRT((D18-B18)^2+(E18-C18)^2)*$L$1 | G18: 0_1 | H18: 0_1 | I18: =IF(G18=H18,1,0)
A19: 19 | B19: 8 | C19: 0.8 | D19: 27.689004 | E19: 4.0256027 | F19: =SQRT((D19-B19)^2+(E19-C19)^2)*$L$1 | G19: 0_1 | H19: 0_1 | I19: =IF(G19=H19,1,0)
... A6501: 1501 | B6501: 29.6 | C6501: 6.8 | D6501: 18.981566 | E6501: 2.5243699 | F6501: =SQRT((D6501-B6501)^2+(E6501-C6501)^2)*$L$1 | G6501: 0_3 | H6501: 0_3 | I6501: =IF(G6501=H6501,1,0)

Sheet hcxy_test_HCXY
A1: Dòng nguồn | B1: x thật | C1: y thật | D1: x dự đoán | E1: y dự đoán | F1: Sai số (m) = công thức | G1: Tòa_tầng thật | H1: Tòa_tầng dự đoán | I1: Đúng (1/0) | K1: Hệ số mét | L1: 1
A2: 2 | B2: 858.645 | C2: 916.251 | D2: 860.92438 | E2: 914.6787 | F2: =SQRT((D2-B2)^2+(E2-C2)^2)*$L$1 | G2: 0_0 | H2: 0_0 | I2: =IF(G2=H2,1,0)
A3: 3 | B3: 858.645 | C3: 916.251 | D3: 860.49768 | E3: 914.72739 | F3: =SQRT((D3-B3)^2+(E3-C3)^2)*$L$1 | G3: 0_0 | H3: 0_0 | I3: =IF(G3=H3,1,0) | K3: TB sai số (m) | L3: =AVERAGE(F2:F861)
A4: 4 | B4: 858.645 | C4: 916.251 | D4: 860.49768 | E4: 914.72739 | F4: =SQRT((D4-B4)^2+(E4-C4)^2)*$L$1 | G4: 0_0 | H4: 0_0 | I4: =IF(G4=H4,1,0) | K4: Trung vị (m) | L4: =MEDIAN(F2:F861)
A5: 5 | B5: 858.645 | C5: 916.251 | D5: 860.49768 | E5: 914.72739 | F5: =SQRT((D5-B5)^2+(E5-C5)^2)*$L$1 | G5: 0_0 | H5: 0_0 | I5: =IF(G5=H5,1,0) | K5: Đúng tòa+tầng | L5: =AVERAGE(I2:I861)
A6: 6 | B6: 858.645 | C6: 916.251 | D6: 860.19697 | E6: 914.89959 | F6: =SQRT((D6-B6)^2+(E6-C6)^2)*$L$1 | G6: 0_0 | H6: 0_0 | I6: =IF(G6=H6,1,0) | K6: TB báo cáo (m) | L6: 2.8207
A7: 7 | B7: 858.645 | C7: 916.251 | D7: 860.19697 | E7: 914.89959 | F7: =SQRT((D7-B7)^2+(E7-C7)^2)*$L$1 | G7: 0_0 | H7: 0_0 | I7: =IF(G7=H7,1,0) | K7: Chênh lệch (m) | L7: =L3-L6
A8: 8 | B8: 858.645 | C8: 916.251 | D8: 860.19368 | E8: 914.9013 | F8: =SQRT((D8-B8)^2+(E8-C8)^2)*$L$1 | G8: 0_0 | H8: 0_0 | I8: =IF(G8=H8,1,0)
A9: 9 | B9: 858.645 | C9: 916.251 | D9: 860.09866 | E9: 914.97974 | F9: =SQRT((D9-B9)^2+(E9-C9)^2)*$L$1 | G9: 0_0 | H9: 0_0 | I9: =IF(G9=H9,1,0)
A10: 10 | B10: 858.645 | C10: 916.251 | D10: 860.09866 | E10: 914.97974 | F10: =SQRT((D10-B10)^2+(E10-C10)^2)*$L$1 | G10: 0_0 | H10: 0_0 | I10: =IF(G10=H10,1,0)
A11: 11 | B11: 858.645 | C11: 916.251 | D11: 860.09866 | E11: 914.97974 | F11: =SQRT((D11-B11)^2+(E11-C11)^2)*$L$1 | G11: 0_0 | H11: 0_0 | I11: =IF(G11=H11,1,0)
A12: 12 | B12: 860.906 | C12: 915.247 | D12: 860.69596 | E12: 914.9663 | F12: =SQRT((D12-B12)^2+(E12-C12)^2)*$L$1 | G12: 0_0 | H12: 0_0 | I12: =IF(G12=H12,1,0)
A13: 13 | B13: 860.906 | C13: 915.247 | D13: 860.69596 | E13: 914.9663 | F13: =SQRT((D13-B13)^2+(E13-C13)^2)*$L$1 | G13: 0_0 | H13: 0_0 | I13: =IF(G13=H13,1,0)
A14: 14 | B14: 860.906 | C14: 915.247 | D14: 860.69596 | E14: 914.9663 | F14: =SQRT((D14-B14)^2+(E14-C14)^2)*$L$1 | G14: 0_0 | H14: 0_0 | I14: =IF(G14=H14,1,0)
A15: 15 | B15: 860.906 | C15: 915.247 | D15: 861.52192 | E15: 913.8223 | F15: =SQRT((D15-B15)^2+(E15-C15)^2)*$L$1 | G15: 0_0 | H15: 0_0 | I15: =IF(G15=H15,1,0)
A16: 16 | B16: 860.906 | C16: 915.247 | D16: 861.51793 | E16: 913.82978 | F16: =SQRT((D16-B16)^2+(E16-C16)^2)*$L$1 | G16: 0_0 | H16: 0_0 | I16: =IF(G16=H16,1,0)
A17: 17 | B17: 860.906 | C17: 915.247 | D17: 861.51793 | E17: 913.82978 | F17: =SQRT((D17-B17)^2+(E17-C17)^2)*$L$1 | G17: 0_0 | H17: 0_0 | I17: =IF(G17=H17,1,0)
A18: 18 | B18: 860.906 | C18: 915.247 | D18: 861.41146 | E18: 913.92531 | F18: =SQRT((D18-B18)^2+(E18-C18)^2)*$L$1 | G18: 0_0 | H18: 0_0 | I18: =IF(G18=H18,1,0)
A19: 19 | B19: 860.906 | C19: 915.247 | D19: 861.41146 | E19: 913.92531 | F19: =SQRT((D19-B19)^2+(E19-C19)^2)*$L$1 | G19: 0_0 | H19: 0_0 | I19: =IF(G19=H19,1,0)
... A861: 861 | B861: 926.089 | C861: 918.659 | D861: 927.4085 | E861: 918.57574 | F861: =SQRT((D861-B861)^2+(E861-C861)^2)*$L$1 | G861: 0_0 | H861: 0_0 | I861: =IF(G861=H861,1,0)

Sheet hus_testcase1
A1: Dòng nguồn | B1: x thật | C1: y thật | D1: x dự đoán | E1: y dự đoán | F1: Sai số (m) = công thức | G1: Tòa_tầng thật | H1: Tòa_tầng dự đoán | I1: Đúng (1/0) | K1: Hệ số mét | L1: 1
A2: 2 | B2: 0 | C2: 0.5 | D2: 1.3155513 | E2: 0.88435175 | F2: =SQRT((D2-B2)^2+(E2-C2)^2)*$L$1 | G2: 0_0 | H2: 0_0 | I2: =IF(G2=H2,1,0)
A3: 3 | B3: 0.5 | C3: 0.5 | D3: 1.0124907 | E3: 0.57907702 | F3: =SQRT((D3-B3)^2+(E3-C3)^2)*$L$1 | G3: 0_0 | H3: 0_0 | I3: =IF(G3=H3,1,0) | K3: TB sai số (m) | L3: =AVERAGE(F2:F206)
A4: 4 | B4: 1 | C4: 0.5 | D4: 1.0917972 | E4: 1.0366357 | F4: =SQRT((D4-B4)^2+(E4-C4)^2)*$L$1 | G4: 0_0 | H4: 0_0 | I4: =IF(G4=H4,1,0) | K4: Trung vị (m) | L4: =MEDIAN(F2:F206)
A5: 5 | B5: 1.5 | C5: 0.5 | D5: 2.1043692 | E5: 0.7973328 | F5: =SQRT((D5-B5)^2+(E5-C5)^2)*$L$1 | G5: 0_0 | H5: 0_0 | I5: =IF(G5=H5,1,0) | K5: Đúng tòa+tầng | L5: =AVERAGE(I2:I206)
A6: 6 | B6: 2 | C6: 0.5 | D6: 2.1954508 | E6: 1.4943516 | F6: =SQRT((D6-B6)^2+(E6-C6)^2)*$L$1 | G6: 0_0 | H6: 0_0 | I6: =IF(G6=H6,1,0) | K6: TB báo cáo (m) | L6: 1.299
A7: 7 | B7: 2.5 | C7: 0.5 | D7: 2.340361 | E7: 0.87656382 | F7: =SQRT((D7-B7)^2+(E7-C7)^2)*$L$1 | G7: 0_0 | H7: 0_0 | I7: =IF(G7=H7,1,0) | K7: Chênh lệch (m) | L7: =L3-L6
A8: 8 | B8: 3 | C8: 0.5 | D8: 2.0330388 | E8: 0.73533238 | F8: =SQRT((D8-B8)^2+(E8-C8)^2)*$L$1 | G8: 0_0 | H8: 0_0 | I8: =IF(G8=H8,1,0)
A9: 9 | B9: 3.5 | C9: 0.5 | D9: 2.8294773 | E9: 0.98955731 | F9: =SQRT((D9-B9)^2+(E9-C9)^2)*$L$1 | G9: 0_0 | H9: 0_0 | I9: =IF(G9=H9,1,0)
A10: 10 | B10: 4 | C10: 0.5 | D10: 2.3710894 | E10: 0.9889956 | F10: =SQRT((D10-B10)^2+(E10-C10)^2)*$L$1 | G10: 0_0 | H10: 0_0 | I10: =IF(G10=H10,1,0)
A11: 11 | B11: 4.5 | C11: 0.5 | D11: 5.984995 | E11: 0.5 | F11: =SQRT((D11-B11)^2+(E11-C11)^2)*$L$1 | G11: 0_0 | H11: 0_0 | I11: =IF(G11=H11,1,0)
A12: 12 | B12: 5 | C12: 0.5 | D12: 4.358377 | E12: 0.60142329 | F12: =SQRT((D12-B12)^2+(E12-C12)^2)*$L$1 | G12: 0_0 | H12: 0_0 | I12: =IF(G12=H12,1,0)
A13: 13 | B13: 5.5 | C13: 0.5 | D13: 6.5355988 | E13: 0.71332505 | F13: =SQRT((D13-B13)^2+(E13-C13)^2)*$L$1 | G13: 0_0 | H13: 0_0 | I13: =IF(G13=H13,1,0)
A14: 14 | B14: 6 | C14: 0.5 | D14: 5.9111272 | E14: 1.4991769 | F14: =SQRT((D14-B14)^2+(E14-C14)^2)*$L$1 | G14: 0_0 | H14: 0_0 | I14: =IF(G14=H14,1,0)
A15: 15 | B15: 6.5 | C15: 0.5 | D15: 7.0792729 | E15: 0.58732047 | F15: =SQRT((D15-B15)^2+(E15-C15)^2)*$L$1 | G15: 0_0 | H15: 0_0 | I15: =IF(G15=H15,1,0)
A16: 16 | B16: 7 | C16: 0.5 | D16: 6.3170214 | E16: 1.3818551 | F16: =SQRT((D16-B16)^2+(E16-C16)^2)*$L$1 | G16: 0_0 | H16: 0_0 | I16: =IF(G16=H16,1,0)
A17: 17 | B17: 7.5 | C17: 0.5 | D17: 4.7356393 | E17: 3.7990277 | F17: =SQRT((D17-B17)^2+(E17-C17)^2)*$L$1 | G17: 0_0 | H17: 0_0 | I17: =IF(G17=H17,1,0)
A18: 18 | B18: 8 | C18: 0.5 | D18: 6.3801417 | E18: 0.5761738 | F18: =SQRT((D18-B18)^2+(E18-C18)^2)*$L$1 | G18: 0_0 | H18: 0_0 | I18: =IF(G18=H18,1,0)
A19: 19 | B19: 8.5 | C19: 0.5 | D19: 7.4147483 | E19: 0.56030302 | F19: =SQRT((D19-B19)^2+(E19-C19)^2)*$L$1 | G19: 0_0 | H19: 0_0 | I19: =IF(G19=H19,1,0)
... A206: 206 | B206: 8.5 | C206: 6 | D206: 8.1957172 | E206: 5.4337608 | F206: =SQRT((D206-B206)^2+(E206-C206)^2)*$L$1 | G206: 0_0 | H206: 0_0 | I206: =IF(G206=H206,1,0)

Sheet hus_testcase2
A1: Dòng nguồn | B1: x thật | C1: y thật | D1: x dự đoán | E1: y dự đoán | F1: Sai số (m) = công thức | G1: Tòa_tầng thật | H1: Tòa_tầng dự đoán | I1: Đúng (1/0) | K1: Hệ số mét | L1: 1
A2: 2 | B2: 0 | C2: 0.5 | D2: 1.0451705 | E2: 0.58864568 | F2: =SQRT((D2-B2)^2+(E2-C2)^2)*$L$1 | G2: 0_0 | H2: 0_0 | I2: =IF(G2=H2,1,0)
A3: 3 | B3: 0.5 | C3: 0.5 | D3: 2.5072412 | E3: 1.3936911 | F3: =SQRT((D3-B3)^2+(E3-C3)^2)*$L$1 | G3: 0_0 | H3: 0_0 | I3: =IF(G3=H3,1,0) | K3: TB sai số (m) | L3: =AVERAGE(F2:F206)
A4: 4 | B4: 1 | C4: 0.5 | D4: 2.7496335 | E4: 0.5 | F4: =SQRT((D4-B4)^2+(E4-C4)^2)*$L$1 | G4: 0_0 | H4: 0_0 | I4: =IF(G4=H4,1,0) | K4: Trung vị (m) | L4: =MEDIAN(F2:F206)
A5: 5 | B5: 1.5 | C5: 0.5 | D5: 1.2642026 | E5: 1.0385513 | F5: =SQRT((D5-B5)^2+(E5-C5)^2)*$L$1 | G5: 0_0 | H5: 0_0 | I5: =IF(G5=H5,1,0) | K5: Đúng tòa+tầng | L5: =AVERAGE(I2:I206)
A6: 6 | B6: 2 | C6: 0.5 | D6: 2.4912855 | E6: 1.2004122 | F6: =SQRT((D6-B6)^2+(E6-C6)^2)*$L$1 | G6: 0_0 | H6: 0_0 | I6: =IF(G6=H6,1,0) | K6: TB báo cáo (m) | L6: 1.5429
A7: 7 | B7: 2.5 | C7: 0.5 | D7: 2.0683625 | E7: 0.66924112 | F7: =SQRT((D7-B7)^2+(E7-C7)^2)*$L$1 | G7: 0_0 | H7: 0_0 | I7: =IF(G7=H7,1,0) | K7: Chênh lệch (m) | L7: =L3-L6
A8: 8 | B8: 3 | C8: 0.5 | D8: 1.9988511 | E8: 1.5596833 | F8: =SQRT((D8-B8)^2+(E8-C8)^2)*$L$1 | G8: 0_0 | H8: 0_0 | I8: =IF(G8=H8,1,0)
A9: 9 | B9: 3.5 | C9: 0.5 | D9: 3.5567739 | E9: 0.59297291 | F9: =SQRT((D9-B9)^2+(E9-C9)^2)*$L$1 | G9: 0_0 | H9: 0_0 | I9: =IF(G9=H9,1,0)
A10: 10 | B10: 4 | C10: 0.5 | D10: 2.4601772 | E10: 0.99607968 | F10: =SQRT((D10-B10)^2+(E10-C10)^2)*$L$1 | G10: 0_0 | H10: 0_0 | I10: =IF(G10=H10,1,0)
A11: 11 | B11: 4.5 | C11: 0.5 | D11: 6.5335387 | E11: 3.5293853 | F11: =SQRT((D11-B11)^2+(E11-C11)^2)*$L$1 | G11: 0_0 | H11: 0_0 | I11: =IF(G11=H11,1,0)
A12: 12 | B12: 5 | C12: 0.5 | D12: 5.1233364 | E12: 0.58573415 | F12: =SQRT((D12-B12)^2+(E12-C12)^2)*$L$1 | G12: 0_0 | H12: 0_0 | I12: =IF(G12=H12,1,0)
A13: 13 | B13: 5.5 | C13: 0.5 | D13: 5.235942 | E13: 2.7893217 | F13: =SQRT((D13-B13)^2+(E13-C13)^2)*$L$1 | G13: 0_0 | H13: 0_0 | I13: =IF(G13=H13,1,0)
A14: 14 | B14: 6 | C14: 0.5 | D14: 6.5400548 | E14: 0.80501032 | F14: =SQRT((D14-B14)^2+(E14-C14)^2)*$L$1 | G14: 0_0 | H14: 0_0 | I14: =IF(G14=H14,1,0)
A15: 15 | B15: 6.5 | C15: 0.5 | D15: 5.9024052 | E15: 2.5063749 | F15: =SQRT((D15-B15)^2+(E15-C15)^2)*$L$1 | G15: 0_0 | H15: 0_0 | I15: =IF(G15=H15,1,0)
A16: 16 | B16: 7 | C16: 0.5 | D16: 6.3790731 | E16: 0.90595385 | F16: =SQRT((D16-B16)^2+(E16-C16)^2)*$L$1 | G16: 0_0 | H16: 0_0 | I16: =IF(G16=H16,1,0)
A17: 17 | B17: 7.5 | C17: 0.5 | D17: 6.0305343 | E17: 1.581262 | F17: =SQRT((D17-B17)^2+(E17-C17)^2)*$L$1 | G17: 0_0 | H17: 0_0 | I17: =IF(G17=H17,1,0)
A18: 18 | B18: 8 | C18: 0.5 | D18: 6.5260642 | E18: 0.5692852 | F18: =SQRT((D18-B18)^2+(E18-C18)^2)*$L$1 | G18: 0_0 | H18: 0_0 | I18: =IF(G18=H18,1,0)
A19: 19 | B19: 8.5 | C19: 0.5 | D19: 7.2714485 | E19: 0.5 | F19: =SQRT((D19-B19)^2+(E19-C19)^2)*$L$1 | G19: 0_0 | H19: 0_0 | I19: =IF(G19=H19,1,0)
... A206: 206 | B206: 8.5 | C206: 6 | D206: 8.2896094 | E206: 5.4844036 | F206: =SQRT((D206-B206)^2+(E206-C206)^2)*$L$1 | G206: 0_0 | H206: 0_0 | I206: =IF(G206=H206,1,0)

Sheet hus_dedup_testcase1
A1: Dòng nguồn | B1: x thật | C1: y thật | D1: x dự đoán | E1: y dự đoán | F1: Sai số (m) = công thức | G1: Tòa_tầng thật | H1: Tòa_tầng dự đoán | I1: Đúng (1/0) | K1: Hệ số mét | L1: 1
A2: 2 | B2: 0 | C2: 0.5 | D2: 1.3163035 | E2: 0.88388633 | F2: =SQRT((D2-B2)^2+(E2-C2)^2)*$L$1 | G2: 0_0 | H2: 0_0 | I2: =IF(G2=H2,1,0)
A3: 3 | B3: 0.5 | C3: 0.5 | D3: 1.0092318 | E3: 0.5791794 | F3: =SQRT((D3-B3)^2+(E3-C3)^2)*$L$1 | G3: 0_0 | H3: 0_0 | I3: =IF(G3=H3,1,0) | K3: TB sai số (m) | L3: =AVERAGE(F2:F206)
A4: 4 | B4: 1 | C4: 0.5 | D4: 1.0948265 | E4: 1.0361252 | F4: =SQRT((D4-B4)^2+(E4-C4)^2)*$L$1 | G4: 0_0 | H4: 0_0 | I4: =IF(G4=H4,1,0) | K4: Trung vị (m) | L4: =MEDIAN(F2:F206)
A5: 5 | B5: 1.5 | C5: 0.5 | D5: 2.1093312 | E5: 0.7978998 | F5: =SQRT((D5-B5)^2+(E5-C5)^2)*$L$1 | G5: 0_0 | H5: 0_0 | I5: =IF(G5=H5,1,0) | K5: Đúng tòa+tầng | L5: =AVERAGE(I2:I206)
A6: 6 | B6: 2 | C6: 0.5 | D6: 2.1976516 | E6: 1.4923004 | F6: =SQRT((D6-B6)^2+(E6-C6)^2)*$L$1 | G6: 0_0 | H6: 0_0 | I6: =IF(G6=H6,1,0) | K6: TB báo cáo (m) | L6: 1.303
A7: 7 | B7: 2.5 | C7: 0.5 | D7: 2.3394402 | E7: 0.87643906 | F7: =SQRT((D7-B7)^2+(E7-C7)^2)*$L$1 | G7: 0_0 | H7: 0_0 | I7: =IF(G7=H7,1,0) | K7: Chênh lệch (m) | L7: =L3-L6
A8: 8 | B8: 3 | C8: 0.5 | D8: 2.0301963 | E8: 0.73540504 | F8: =SQRT((D8-B8)^2+(E8-C8)^2)*$L$1 | G8: 0_0 | H8: 0_0 | I8: =IF(G8=H8,1,0)
A9: 9 | B9: 3.5 | C9: 0.5 | D9: 2.82697 | E9: 0.99043916 | F9: =SQRT((D9-B9)^2+(E9-C9)^2)*$L$1 | G9: 0_0 | H9: 0_0 | I9: =IF(G9=H9,1,0)
A10: 10 | B10: 4 | C10: 0.5 | D10: 2.3701566 | E10: 0.9888764 | F10: =SQRT((D10-B10)^2+(E10-C10)^2)*$L$1 | G10: 0_0 | H10: 0_0 | I10: =IF(G10=H10,1,0)
A11: 11 | B11: 4.5 | C11: 0.5 | D11: 5.9794825 | E11: 0.5 | F11: =SQRT((D11-B11)^2+(E11-C11)^2)*$L$1 | G11: 0_0 | H11: 0_0 | I11: =IF(G11=H11,1,0)
A12: 12 | B12: 5 | C12: 0.5 | D12: 4.9057919 | E12: 0.67996437 | F12: =SQRT((D12-B12)^2+(E12-C12)^2)*$L$1 | G12: 0_0 | H12: 0_0 | I12: =IF(G12=H12,1,0)
A13: 13 | B13: 5.5 | C13: 0.5 | D13: 6.5351969 | E13: 0.71402131 | F13: =SQRT((D13-B13)^2+(E13-C13)^2)*$L$1 | G13: 0_0 | H13: 0_0 | I13: =IF(G13=H13,1,0)
A14: 14 | B14: 6 | C14: 0.5 | D14: 5.9116073 | E14: 1.5018886 | F14: =SQRT((D14-B14)^2+(E14-C14)^2)*$L$1 | G14: 0_0 | H14: 0_0 | I14: =IF(G14=H14,1,0)
A15: 15 | B15: 6.5 | C15: 0.5 | D15: 7.0790848 | E15: 0.58778238 | F15: =SQRT((D15-B15)^2+(E15-C15)^2)*$L$1 | G15: 0_0 | H15: 0_0 | I15: =IF(G15=H15,1,0)
A16: 16 | B16: 7 | C16: 0.5 | D16: 6.3162583 | E16: 1.3809771 | F16: =SQRT((D16-B16)^2+(E16-C16)^2)*$L$1 | G16: 0_0 | H16: 0_0 | I16: =IF(G16=H16,1,0)
A17: 17 | B17: 7.5 | C17: 0.5 | D17: 4.7353696 | E17: 3.7983586 | F17: =SQRT((D17-B17)^2+(E17-C17)^2)*$L$1 | G17: 0_0 | H17: 0_0 | I17: =IF(G17=H17,1,0)
A18: 18 | B18: 8 | C18: 0.5 | D18: 6.3778635 | E18: 0.5762602 | F18: =SQRT((D18-B18)^2+(E18-C18)^2)*$L$1 | G18: 0_0 | H18: 0_0 | I18: =IF(G18=H18,1,0)
A19: 19 | B19: 8.5 | C19: 0.5 | D19: 7.4112347 | E19: 0.56019138 | F19: =SQRT((D19-B19)^2+(E19-C19)^2)*$L$1 | G19: 0_0 | H19: 0_0 | I19: =IF(G19=H19,1,0)
... A206: 206 | B206: 8.5 | C206: 6 | D206: 8.1961005 | E206: 5.4302518 | F206: =SQRT((D206-B206)^2+(E206-C206)^2)*$L$1 | G206: 0_0 | H206: 0_0 | I206: =IF(G206=H206,1,0)

Sheet hus_dedup_testcase2
A1: Dòng nguồn | B1: x thật | C1: y thật | D1: x dự đoán | E1: y dự đoán | F1: Sai số (m) = công thức | G1: Tòa_tầng thật | H1: Tòa_tầng dự đoán | I1: Đúng (1/0) | K1: Hệ số mét | L1: 1
A2: 2 | B2: 0 | C2: 0.5 | D2: 1.0422337 | E2: 0.58862681 | F2: =SQRT((D2-B2)^2+(E2-C2)^2)*$L$1 | G2: 0_0 | H2: 0_0 | I2: =IF(G2=H2,1,0)
A3: 3 | B3: 0.5 | C3: 0.5 | D3: 2.5121167 | E3: 1.3950016 | F3: =SQRT((D3-B3)^2+(E3-C3)^2)*$L$1 | G3: 0_0 | H3: 0_0 | I3: =IF(G3=H3,1,0) | K3: TB sai số (m) | L3: =AVERAGE(F2:F206)
A4: 4 | B4: 1 | C4: 0.5 | D4: 2.7517629 | E4: 0.5 | F4: =SQRT((D4-B4)^2+(E4-C4)^2)*$L$1 | G4: 0_0 | H4: 0_0 | I4: =IF(G4=H4,1,0) | K4: Trung vị (m) | L4: =MEDIAN(F2:F206)
A5: 5 | B5: 1.5 | C5: 0.5 | D5: 1.2632684 | E5: 1.0400059 | F5: =SQRT((D5-B5)^2+(E5-C5)^2)*$L$1 | G5: 0_0 | H5: 0_0 | I5: =IF(G5=H5,1,0) | K5: Đúng tòa+tầng | L5: =AVERAGE(I2:I206)
A6: 6 | B6: 2 | C6: 0.5 | D6: 2.4921127 | E6: 1.2011733 | F6: =SQRT((D6-B6)^2+(E6-C6)^2)*$L$1 | G6: 0_0 | H6: 0_0 | I6: =IF(G6=H6,1,0) | K6: TB báo cáo (m) | L6: 1.5362
A7: 7 | B7: 2.5 | C7: 0.5 | D7: 2.0667108 | E7: 0.66986558 | F7: =SQRT((D7-B7)^2+(E7-C7)^2)*$L$1 | G7: 0_0 | H7: 0_0 | I7: =IF(G7=H7,1,0) | K7: Chênh lệch (m) | L7: =L3-L6
A8: 8 | B8: 3 | C8: 0.5 | D8: 2.0093303 | E8: 1.5624053 | F8: =SQRT((D8-B8)^2+(E8-C8)^2)*$L$1 | G8: 0_0 | H8: 0_0 | I8: =IF(G8=H8,1,0)
A9: 9 | B9: 3.5 | C9: 0.5 | D9: 3.5578413 | E9: 0.59285735 | F9: =SQRT((D9-B9)^2+(E9-C9)^2)*$L$1 | G9: 0_0 | H9: 0_0 | I9: =IF(G9=H9,1,0)
A10: 10 | B10: 4 | C10: 0.5 | D10: 2.4599444 | E10: 0.9966465 | F10: =SQRT((D10-B10)^2+(E10-C10)^2)*$L$1 | G10: 0_0 | H10: 0_0 | I10: =IF(G10=H10,1,0)
A11: 11 | B11: 4.5 | C11: 0.5 | D11: 6.5335627 | E11: 3.5289177 | F11: =SQRT((D11-B11)^2+(E11-C11)^2)*$L$1 | G11: 0_0 | H11: 0_0 | I11: =IF(G11=H11,1,0)
A12: 12 | B12: 5 | C12: 0.5 | D12: 5.1213503 | E12: 0.58546861 | F12: =SQRT((D12-B12)^2+(E12-C12)^2)*$L$1 | G12: 0_0 | H12: 0_0 | I12: =IF(G12=H12,1,0)
A13: 13 | B13: 5.5 | C13: 0.5 | D13: 5.4234602 | E13: 2.8850694 | F13: =SQRT((D13-B13)^2+(E13-C13)^2)*$L$1 | G13: 0_0 | H13: 0_0 | I13: =IF(G13=H13,1,0)
A14: 14 | B14: 6 | C14: 0.5 | D14: 6.5439555 | E14: 0.80395966 | F14: =SQRT((D14-B14)^2+(E14-C14)^2)*$L$1 | G14: 0_0 | H14: 0_0 | I14: =IF(G14=H14,1,0)
A15: 15 | B15: 6.5 | C15: 0.5 | D15: 5.8981099 | E15: 2.5168745 | F15: =SQRT((D15-B15)^2+(E15-C15)^2)*$L$1 | G15: 0_0 | H15: 0_0 | I15: =IF(G15=H15,1,0)
A16: 16 | B16: 7 | C16: 0.5 | D16: 6.3768204 | E16: 0.90524034 | F16: =SQRT((D16-B16)^2+(E16-C16)^2)*$L$1 | G16: 0_0 | H16: 0_0 | I16: =IF(G16=H16,1,0)
A17: 17 | B17: 7.5 | C17: 0.5 | D17: 6.0259153 | E17: 1.5873338 | F17: =SQRT((D17-B17)^2+(E17-C17)^2)*$L$1 | G17: 0_0 | H17: 0_0 | I17: =IF(G17=H17,1,0)
A18: 18 | B18: 8 | C18: 0.5 | D18: 6.523097 | E18: 0.56941172 | F18: =SQRT((D18-B18)^2+(E18-C18)^2)*$L$1 | G18: 0_0 | H18: 0_0 | I18: =IF(G18=H18,1,0)
A19: 19 | B19: 8.5 | C19: 0.5 | D19: 7.2674378 | E19: 0.5 | F19: =SQRT((D19-B19)^2+(E19-C19)^2)*$L$1 | G19: 0_0 | H19: 0_0 | I19: =IF(G19=H19,1,0)
... A206: 206 | B206: 8.5 | C206: 6 | D206: 8.2890186 | E206: 5.484644 | F206: =SQRT((D206-B206)^2+(E206-C206)^2)*$L$1 | G206: 0_0 | H206: 0_0 | I206: =IF(G206=H206,1,0)

Sheet Vi_du_UJI_mot_truy_van
A1: Truy vấn: dòng 729 của validationData (UJIIndoorLoc). Toạ độ dự đoán = tổng có trọng số của tâm các ô HUIM chọn.
A3: Ô (chỉ số) | B3: x tâm ô | C3: y tâm ô | D3: Trọng số a_c
A4: 274 | B4: -7424.8041 | C4: 4864898.4 | D4: 0.2544194
A5: 286 | B5: -7426.4836 | C5: 4864900 | D5: 0.19170971
A6: 271 | B6: -7426.6278 | C6: 4864896.1 | D6: 0.14864123
A7: 275 | B7: -7427.8684 | C7: 4864896.7 | D7: 0.13431653
A8: 290 | B8: -7425.7281 | C8: 4864901.3 | D8: 0.078112122
A9: 289 | B9: -7424.4078 | C9: 4864901.8 | D9: 0.034588478
A10: 280 | B10: -7435.9902 | C10: 4864891.2 | D10: 0.032837125
A11: 279 | B11: -7436.1229 | C11: 4864891.5 | D11: 0.031254729
A12: 287 | B12: -7435.3779 | C12: 4864892.8 | D12: 0.028101445
A13: 276 | B13: -7432.5748 | C13: 4864889.4 | D13: 0.02364598
A14: 278 | B14: -7432.2438 | C14: 4864893.6 | D14: 0.02324257
A15: 283 | B15: -7429.6171 | C15: 4864899.7 | D15: 0.019130686
A17: Đại lượng | B17: Công thức | C17: Giá trị pipeline
A18: Tổng trọng số | B18: =SUM(D4:D15)
A19: x dự đoán = SUMPRODUCT(a, x) | B19: =SUMPRODUCT(D4:D15,B4:B15) | C19: -7427.3342
A20: y dự đoán = SUMPRODUCT(a, y) | B20: =SUMPRODUCT(D4:D15,C4:C15) | C20: 4864897.6
A21: x thật | B21: -7420.4263
A22: y thật | B22: 4864893.5
A23: Hệ số mét | B23: 0.766126
A24: Sai số (m) | B24: =SQRT((B19-B21)^2+(B20-B22)^2)*B23 | C24: 6.1514545
