Workbook

Sheet 0_HuongDan
B1: Bộ kiểm chứng thủ công - HUIM-IPS trên UJIIndoorLoc
B2: Mục đích: mọi con số chính của bài (minUtil, HUI, độ chính xác %, sai số mét) được Excel TÍNH LẠI bằng công thức từ dữ liệu thô. Bạn không phải tin script: bấm vào ô bất kỳ để xem công thức.
B3: Quy ước màu: chữ XANH DƯƠNG = số chép từ file dữ liệu/kết quả (đầu vào); chữ ĐEN = công thức Excel; ô NỀN XANH LÁ = ô kiểm tra (KHỚP/ĐẠT là đúng).
B5: THỨ TỰ KIỂM TRA ĐỀ NGHỊ
B6: Bước 1 - sheet 1_minUtil: minUtil tuyệt đối = minUtil(%) / 100 x tổng utility CSDL. Cột 'Kiểm tra' phải là KHỚP ở cả 37 lần khai phá. Ba dòng tô đậm là ba ngưỡng dùng trong các biểu đồ (A 1,9294%, B 2%, C 1,7321%).
B7: Bước 2 - sheet 2_HUI_mau: với từng HUI mẫu, utility do EFIM báo cáo phải bằng utility tính lại độc lập từ CSV (cột KHỚP) và phải >= minUtil (cột ĐẠT). Script verify_huim.py đã làm phép này cho TẤT CẢ HUI, và còn vét cạn mọi tổ hợp 1-3 WAP để chứng minh EFIM không bỏ sót (xem sheet 9).
B8: Bước 3 - sheet 3_HUI_tinh_tay: cộng tay một HUI qua từng giao dịch: q = làm tròn(1 + (RSSI+104)/104 x 99), u(X,T) = tổng q x p, u(X) = tổng các u(X,T). So với số EFIM báo cáo và với minUtil.
B9: Bước 4 - sheet 4_kNN_tinh_tay: một fingerprint của validationData được định vị từng bước bằng công thức: biểu diễn tín hiệu -> khoảng cách tới các fingerprint huấn luyện -> láng giềng gần nhất -> trọng số -> toạ độ dự đoán -> sai số mét.
B10: Bước 5 - sheet 5 và 6: 1.111 dự đoán của mô hình cũ (k-NN k=1) và mô hình tối ưu. Mỗi dòng có công thức 'đúng tòa nhà?', 'đúng tầng?', sai số mét. Ô tổng hợp ở đầu sheet = AVERAGE / MEDIAN / PERCENTILE của các cột đó.
B11: Bước 6 - sheet 7_TongHop: so số Excel tính được với số trong báo cáo/biểu đồ. Tất cả phải KHỚP.
B12: Bước 7 - sheet 8_HeSo_Mercator: hệ số 0,766126 đổi 'mét toạ độ' sang mét thực địa được tính lại từ vĩ độ của khu vực (cos(vĩ độ)).
B14: HIỂU ĐÚNG CÁC CON SỐ
... B27: Mở CSV gốc bằng Excel: file dùng dấu phẩy ngăn cột và dấu chấm thập phân. Nếu Excel đang dùng định dạng số kiểu Việt Nam, mở trực tiếp có thể dồn cả dòng vào một ô hoặc đọc sai số; khi đó dùng Data -> From Text/CSV, Delimiter = Comma, Locale = English (United States).

Sheet 1_minUtil
A1: Model | B1: Run tag | C1: minUtil (%) | D1: Tổng utility CSDL | E1: minUtil tuyệt đối (huim_runs.csv) | F1: minUtil tuyệt đối = C/100*D | G1: Kiểm tra | H1: Trạng thái | I1: Số HUI | J1: Số WAP (union)
A2: A | B2: A_signal__20pct | C2: 20 | D2: 9058242 | E2: 1811648.4 | F2: =C2/100*D2 -> 1811648.4 | G2: =IF(ABS(F2-E2)<=0.01,"KHỚP","LỆCH") -> KHỚP | H2: COMPLETED | I2: 0 | J2: 0
A3: A | B3: A_signal__15pct | C3: 15 | D3: 9058242 | E3: 1358736.3 | F3: =C3/100*D3 -> 1358736.3 | G3: =IF(ABS(F3-E3)<=0.01,"KHỚP","LỆCH") -> KHỚP | H3: COMPLETED | I3: 0 | J3: 0
A4: A | B4: A_signal__10pct | C4: 10 | D4: 9058242 | E4: 905824.2 | F4: =C4/100*D4 -> 905824.2 | G4: =IF(ABS(F4-E4)<=0.01,"KHỚP","LỆCH") -> KHỚP | H4: COMPLETED | I4: 0 | J4: 0
A5: A | B5: A_signal__7.5pct | C5: 7.5 | D5: 9058242 | E5: 679368.15 | F5: =C5/100*D5 -> 679368.15 | G5: =IF(ABS(F5-E5)<=0.01,"KHỚP","LỆCH") -> KHỚP | H5: COMPLETED | I5: 0 | J5: 0
A6: A | B6: A_signal__5pct | C6: 5 | D6: 9058242 | E6: 452912.1 | F6: =C6/100*D6 -> 452912.1 | G6: =IF(ABS(F6-E6)<=0.01,"KHỚP","LỆCH") -> KHỚP | H6: COMPLETED | I6: 0 | J6: 0
A7: A | B7: A_signal__4pct | C7: 4 | D7: 9058242 | E7: 362329.68 | F7: =C7/100*D7 -> 362329.68 | G7: =IF(ABS(F7-E7)<=0.01,"KHỚP","LỆCH") -> KHỚP | H7: COMPLETED | I7: 0 | J7: 0
A8: A | B8: A_signal__3.5pct | C8: 3.5 | D8: 9058242 | E8: 317038.47 | F8: =C8/100*D8 -> 317038.47 | G8: =IF(ABS(F8-E8)<=0.01,"KHỚP","LỆCH") -> KHỚP | H8: COMPLETED | I8: 0 | J8: 0
A9: A | B9: A_signal__3pct | C9: 3 | D9: 9058242 | E9: 271747.26 | F9: =C9/100*D9 -> 271747.26 | G9: =IF(ABS(F9-E9)<=0.01,"KHỚP","LỆCH") -> KHỚP | H9: COMPLETED | I9: 0 | J9: 0
A10: A | B10: A_signal__2.5pct | C10: 2.5 | D10: 9058242 | E10: 226456.05 | F10: =C10/100*D10 -> 226456.05 | G10: =IF(ABS(F10-E10)<=0.01,"KHỚP","LỆCH") -> KHỚP | H10: COMPLETED | I10: 2 | J10: 6
A11: A | B11: A_signal__2pct | C11: 2 | D11: 9058242 | E11: 181164.84 | F11: =C11/100*D11 -> 181164.84 | G11: =IF(ABS(F11-E11)<=0.01,"KHỚP","LỆCH") -> KHỚP | H11: COMPLETED | I11: 130 | J11: 81
A12: A | B12: A_signal__1.9294pct | C12: 1.9294 | D12: 9058242 | E12: 174769.72 | F12: =C12/100*D12 -> 174769.72 | G12: =IF(ABS(F12-E12)<=0.01,"KHỚP","LỆCH") -> KHỚP | H12: COMPLETED | I12: 853 | J12: 86
A13: A | B13: A_signal__1.8612pct | C13: 1.8612 | D13: 9058242 | E13: 168592 | F13: =C13/100*D13 -> 168592 | G13: =IF(ABS(F13-E13)<=0.01,"KHỚP","LỆCH") -> KHỚP | H13: ABORTED_RESOURCE_LIMIT | I13: 5372 | J13: 31
... A38: C | B38: C_rare_discriminative__1.5pct | C38: 1.5 | D38: 6211852.3 | E38: 93177.784 | F38: =C38/100*D38 -> 93177.784 | G38: =IF(ABS(F38-E38)<=0.01,"KHỚP","LỆCH") -> KHỚP | H38: ABORTED_RESOURCE_LIMIT | I38: 1000001 | J38: 45
B40: Dòng in đậm: ngưỡng thấp nhất CHẠY XONG của mỗi model, là ngưỡng dùng trong các biểu đồ HUIM.

Sheet 2_HUI_mau
A1: Run | B1: Itemset (các WAP) | C1: Độ dài | D1: u(X) do EFIM báo cáo | E1: u(X) tính lại từ CSV (verify_huim.py) | F1: minUtil tuyệt đối | G1: u(X) >= minUtil ? | H1: EFIM = tính lại ? | I1: Support EFIM | J1: Support tính lại | K1: Support khớp ?
A2: A_signal__1.9294pct | B2: WAP517 WAP502 WAP496 | C2: 3 | D2: 265363 | E2: 265363 | F2: 174769.72 | G2: =IF(E2>=F2*(1-0.000000001),"ĐẠT","KHÔNG ĐẠT") -> ĐẠT | H2: =IF(ABS(D2-E2)<=0.000001*E2,"KHỚP","LỆCH") -> KHỚP | I2: 2882 | J2: 2882 | K2: =IF(I2=J2,"KHỚP","LỆCH") -> KHỚP
A3: A_signal__1.9294pct | B3: WAP516 WAP495 WAP501 | C3: 3 | D3: 236263 | E3: 236263 | F3: 174769.72 | G3: =IF(E3>=F3*(1-0.000000001),"ĐẠT","KHÔNG ĐẠT") -> ĐẠT | H3: =IF(ABS(D3-E3)<=0.000001*E3,"KHỚP","LỆCH") -> KHỚP | I3: 2329 | J3: 2329 | K3: =IF(I3=J3,"KHỚP","LỆCH") -> KHỚP
A4: A_signal__1.9294pct | B4: WAP065 WAP066 WAP061 WAP062 | C4: 4 | D4: 222063 | E4: 222063 | F4: 174769.72 | G4: =IF(E4>=F4*(1-0.000000001),"ĐẠT","KHÔNG ĐẠT") -> ĐẠT | H4: =IF(ABS(D4-E4)<=0.000001*E4,"KHỚP","LỆCH") -> KHỚP | I4: 2324 | J4: 2324 | K4: =IF(I4=J4,"KHỚP","LỆCH") -> KHỚP
A5: A_signal__1.9294pct | B5: WAP096 WAP097 WAP516 WAP495 WAP501 | C5: 5 | D5: 221634 | E5: 221634 | F5: 174769.72 | G5: =IF(E5>=F5*(1-0.000000001),"ĐẠT","KHÔNG ĐẠT") -> ĐẠT | H5: =IF(ABS(D5-E5)<=0.000001*E5,"KHỚP","LỆCH") -> KHỚP | I5: 1319 | J5: 1319 | K5: =IF(I5=J5,"KHỚP","LỆCH") -> KHỚP
A6: A_signal__1.9294pct | B6: WAP063 WAP064 WAP065 WAP066 WAP061 WAP062 | C6: 6 | D6: 216538 | E6: 216538 | F6: 174769.72 | G6: =IF(E6>=F6*(1-0.000000001),"ĐẠT","KHÔNG ĐẠT") -> ĐẠT | H6: =IF(ABS(D6-E6)<=0.000001*E6,"KHỚP","LỆCH") -> KHỚP | I6: 1475 | J6: 1475 | K6: =IF(I6=J6,"KHỚP","LỆCH") -> KHỚP
A7: A_signal__1.9294pct | B7: WAP394 WAP313 WAP371 WAP282 WAP369 WAP315 WAP258 WAP372 WAP260 WAP316 WAP261 WAP278 WAP274 WAP329 WAP396 WAP334 WAP340 WAP284 | C7: 18 | D7: 174780 | E7: 174780 | F7: 174769.72 | G7: =IF(E7>=F7*(1-0.000000001),"ĐẠT","KHÔNG ĐẠT") -> ĐẠT | H7: =IF(ABS(D7-E7)<=0.000001*E7,"KHỚP","LỆCH") -> KHỚP | I7: 199 | J7: 199 | K7: =IF(I7=J7,"KHỚP","LỆCH") -> KHỚP
A8: A_signal__1.9294pct | B8: WAP394 WAP338 WAP371 WAP282 WAP369 WAP315 WAP258 WAP372 WAP260 WAP316 WAP386 WAP261 WAP278 WAP274 WAP329 WAP396 WAP340 WAP284 | C8: 18 | D8: 174779 | E8: 174779 | F8: 174769.72 | G8: =IF(E8>=F8*(1-0.000000001),"ĐẠT","KHÔNG ĐẠT") -> ĐẠT | H8: =IF(ABS(D8-E8)<=0.000001*E8,"KHỚP","LỆCH") -> KHỚP | I8: 194 | J8: 194 | K8: =IF(I8=J8,"KHỚP","LỆCH") -> KHỚP
A9: A_signal__1.9294pct | B9: WAP394 WAP338 WAP313 WAP371 WAP390 WAP282 WAP369 WAP315 WAP258 WAP372 WAP260 WAP316 WAP386 WAP261 WAP278 WAP274 WAP329 WAP295 WAP334 WAP340 WAP262 WAP284 | C9: 22 | D9: 174778 | E9: 174778 | F9: 174769.72 | G9: =IF(E9>=F9*(1-0.000000001),"ĐẠT","KHÔNG ĐẠT") -> ĐẠT | H9: =IF(ABS(D9-E9)<=0.000001*E9,"KHỚP","LỆCH") -> KHỚP | I9: 165 | J9: 165 | K9: =IF(I9=J9,"KHỚP","LỆCH") -> KHỚP
A10: A_signal__1.9294pct | B10: WAP394 WAP338 WAP313 WAP371 WAP390 WAP282 WAP369 WAP315 WAP258 WAP372 WAP260 WAP386 WAP261 WAP278 WAP274 WAP329 WAP405 WAP396 WAP334 WAP340 WAP262 WAP284 | C10: 22 | D10: 174774 | E10: 174774 | F10: 174769.72 | G10: =IF(E10>=F10*(1-0.000000001),"ĐẠT","KHÔNG ĐẠT") -> ĐẠT | H10: =IF(ABS(D10-E10)<=0.000001*E10,"KHỚP","LỆCH") -> KHỚP | I10: 166 | J10: 166 | K10: =IF(I10=J10,"KHỚP","LỆCH") -> KHỚP
A11: A_signal__1.9294pct | B11: WAP394 WAP338 WAP313 WAP371 WAP282 WAP369 WAP315 WAP258 WAP372 WAP260 WAP316 WAP386 WAP261 WAP278 WAP274 WAP329 WAP405 WAP334 WAP340 WAP288 WAP284 | C11: 21 | D11: 174772 | E11: 174772 | F11: 174769.72 | G11: =IF(E11>=F11*(1-0.000000001),"ĐẠT","KHÔNG ĐẠT") -> ĐẠT | H11: =IF(ABS(D11-E11)<=0.000001*E11,"KHỚP","LỆCH") -> KHỚP | I11: 173 | J11: 173 | K11: =IF(I11=J11,"KHỚP","LỆCH") -> KHỚP
A12: A_signal__1.9294pct | B12: WAP394 WAP313 WAP371 WAP282 WAP369 WAP315 WAP258 WAP372 WAP260 WAP316 WAP386 WAP261 WAP278 WAP274 WAP329 WAP396 WAP334 WAP340 WAP288 WAP284 | C12: 20 | D12: 175623 | E12: 175623 | F12: 174769.72 | G12: =IF(E12>=F12*(1-0.000000001),"ĐẠT","KHÔNG ĐẠT") -> ĐẠT | H12: =IF(ABS(D12-E12)<=0.000001*E12,"KHỚP","LỆCH") -> KHỚP | I12: 181 | J12: 181 | K12: =IF(I12=J12,"KHỚP","LỆCH") -> KHỚP
A13: A_signal__1.9294pct | B13: WAP394 WAP338 WAP313 WAP371 WAP282 WAP369 WAP258 WAP372 WAP260 WAP316 WAP386 WAP261 WAP278 WAP274 WAP329 WAP351 WAP396 WAP334 WAP340 WAP284 | C13: 20 | D13: 176845 | E13: 176845 | F13: 174769.72 | G13: =IF(E13>=F13*(1-0.000000001),"ĐẠT","KHÔNG ĐẠT") -> ĐẠT | H13: =IF(ABS(D13-E13)<=0.000001*E13,"KHỚP","LỆCH") -> KHỚP | I13: 182 | J13: 182 | K13: =IF(I13=J13,"KHỚP","LỆCH") -> KHỚP
... A46: C_rare_discriminative__1.7321pct | B46: WAP279 WAP335 WAP391 WAP479 WAP481 WAP511 WAP138 WAP139 WAP068 WAP060 WAP128 WAP127 WAP277 WAP332 WAP117 WAP118 WAP063 WAP085 WAP069 WAP070 WAP087 WAP502 WAP496 | C46: 23 | D46: 108436.13 | E46: 108436.13 | F46: 107595.49 | G46: =IF(E46>=F46*(1-0.000000001),"ĐẠT","KHÔNG ĐẠT") -> ĐẠT | H46: =IF(ABS(D46-E46)<=0.000001*E46,"KHỚP","LỆCH") -> KHỚP | I46: 210 | J46: 210 | K46: =IF(I46=J46,"KHỚP","LỆCH") -> KHỚP
B48: Mỗi run: 5 HUI utility lớn nhất, 5 HUI sát ngưỡng nhất (khó nhất), 5 HUI ngẫu nhiên. verify_huim.py kiểm tra TẤT CẢ HUI theo cùng cách.

Sheet 3_HUI_tinh_tay
A1: Cộng tay utility của HUI {WAP118, WAP517} - run B_discriminative__2pct
A2: Mỗi dòng là một giao dịch (fingerprint của trainingData.csv) chứa CẢ HAI WAP. q tính từ RSSI bằng công thức; p là trọng số ngoài của model (đầu vào, từ results/verification/p_values.csv).
A4: Dòng trong trainingData.csv | B4: RSSI WAP118 | C4: q(WAP118,T) | D4: p(WAP118) | E4: RSSI WAP517 | F4: q(WAP517,T) | G4: p(WAP517) | H4: u(X,T) = q·p + q·p
A5: 1174 | B5: -97 | C5: =IF(B5=100,0,IF(MOD((1+(B5+104)/104*99),1)=0.5,IF(MOD(INT((1+(B5+104)/104*99)),2)=0,INT((1+(B5+104)/104*99)),INT((1+(B5+104)/104*99))+1),ROUND((1+(B5+104)/104*99),0))) -> 8 | D5: 0.70399392 | E5: -89 | F5: =IF(E5=100,0,IF(MOD((1+(E5+104)/104*99),1)=0.5,IF(MOD(INT((1+(E5+104)/104*99)),2)=0,INT((1+(E5+104)/104*99)),INT((1+(E5+104)/104*99))+1),ROUND((1+(E5+104)/104*99),0))) -> 15 | G5: 0.90468993 | H5: =C5*D5+F5*G5 -> 19.2023
A6: 1189 | B6: -97 | C6: =IF(B6=100,0,IF(MOD((1+(B6+104)/104*99),1)=0.5,IF(MOD(INT((1+(B6+104)/104*99)),2)=0,INT((1+(B6+104)/104*99)),INT((1+(B6+104)/104*99))+1),ROUND((1+(B6+104)/104*99),0))) -> 8 | D6: 0.70399392 | E6: -92 | F6: =IF(E6=100,0,IF(MOD((1+(E6+104)/104*99),1)=0.5,IF(MOD(INT((1+(E6+104)/104*99)),2)=0,INT((1+(E6+104)/104*99)),INT((1+(E6+104)/104*99))+1),ROUND((1+(E6+104)/104*99),0))) -> 12 | G6: 0.90468993 | H6: =C6*D6+F6*G6 -> 16.488231
A7: 1209 | B7: -97 | C7: =IF(B7=100,0,IF(MOD((1+(B7+104)/104*99),1)=0.5,IF(MOD(INT((1+(B7+104)/104*99)),2)=0,INT((1+(B7+104)/104*99)),INT((1+(B7+104)/104*99))+1),ROUND((1+(B7+104)/104*99),0))) -> 8 | D7: 0.70399392 | E7: -91 | F7: =IF(E7=100,0,IF(MOD((1+(E7+104)/104*99),1)=0.5,IF(MOD(INT((1+(E7+104)/104*99)),2)=0,INT((1+(E7+104)/104*99)),INT((1+(E7+104)/104*99))+1),ROUND((1+(E7+104)/104*99),0))) -> 13 | G7: 0.90468993 | H7: =C7*D7+F7*G7 -> 17.39292
A8: 1669 | B8: -80 | C8: =IF(B8=100,0,IF(MOD((1+(B8+104)/104*99),1)=0.5,IF(MOD(INT((1+(B8+104)/104*99)),2)=0,INT((1+(B8+104)/104*99)),INT((1+(B8+104)/104*99))+1),ROUND((1+(B8+104)/104*99),0))) -> 24 | D8: 0.70399392 | E8: -82 | F8: =IF(E8=100,0,IF(MOD((1+(E8+104)/104*99),1)=0.5,IF(MOD(INT((1+(E8+104)/104*99)),2)=0,INT((1+(E8+104)/104*99)),INT((1+(E8+104)/104*99))+1),ROUND((1+(E8+104)/104*99),0))) -> 22 | G8: 0.90468993 | H8: =C8*D8+F8*G8 -> 36.799033
A9: 1674 | B9: -90 | C9: =IF(B9=100,0,IF(MOD((1+(B9+104)/104*99),1)=0.5,IF(MOD(INT((1+(B9+104)/104*99)),2)=0,INT((1+(B9+104)/104*99)),INT((1+(B9+104)/104*99))+1),ROUND((1+(B9+104)/104*99),0))) -> 14 | D9: 0.70399392 | E9: -83 | F9: =IF(E9=100,0,IF(MOD((1+(E9+104)/104*99),1)=0.5,IF(MOD(INT((1+(E9+104)/104*99)),2)=0,INT((1+(E9+104)/104*99)),INT((1+(E9+104)/104*99))+1),ROUND((1+(E9+104)/104*99),0))) -> 21 | G9: 0.90468993 | H9: =C9*D9+F9*G9 -> 28.854403
A10: 1677 | B10: -83 | C10: =IF(B10=100,0,IF(MOD((1+(B10+104)/104*99),1)=0.5,IF(MOD(INT((1+(B10+104)/104*99)),2)=0,INT((1+(B10+104)/104*99)),INT((1+(B10+104)/104*99))+1),ROUND((1+(B10+104)/104*99),0))) -> 21 | D10: 0.70399392 | E10: -82 | F10: =IF(E10=100,0,IF(MOD((1+(E10+104)/104*99),1)=0.5,IF(MOD(INT((1+(E10+104)/104*99)),2)=0,INT((1+(E10+104)/104*99)),INT((1+(E10+104)/104*99))+1),ROUND((1+(E10+104)/104*99),0))) -> 22 | G10: 0.90468993 | H10: =C10*D10+F10*G10 -> 34.687051
A11: 1724 | B11: -88 | C11: =IF(B11=100,0,IF(MOD((1+(B11+104)/104*99),1)=0.5,IF(MOD(INT((1+(B11+104)/104*99)),2)=0,INT((1+(B11+104)/104*99)),INT((1+(B11+104)/104*99))+1),ROUND((1+(B11+104)/104*99),0))) -> 16 | D11: 0.70399392 | E11: -79 | F11: =IF(E11=100,0,IF(MOD((1+(E11+104)/104*99),1)=0.5,IF(MOD(INT((1+(E11+104)/104*99)),2)=0,INT((1+(E11+104)/104*99)),INT((1+(E11+104)/104*99))+1),ROUND((1+(E11+104)/104*99),0))) -> 25 | G11: 0.90468993 | H11: =C11*D11+F11*G11 -> 33.881151
A12: 1730 | B12: -86 | C12: =IF(B12=100,0,IF(MOD((1+(B12+104)/104*99),1)=0.5,IF(MOD(INT((1+(B12+104)/104*99)),2)=0,INT((1+(B12+104)/104*99)),INT((1+(B12+104)/104*99))+1),ROUND((1+(B12+104)/104*99),0))) -> 18 | D12: 0.70399392 | E12: -85 | F12: =IF(E12=100,0,IF(MOD((1+(E12+104)/104*99),1)=0.5,IF(MOD(INT((1+(E12+104)/104*99)),2)=0,INT((1+(E12+104)/104*99)),INT((1+(E12+104)/104*99))+1),ROUND((1+(E12+104)/104*99),0))) -> 19 | G12: 0.90468993 | H12: =C12*D12+F12*G12 -> 29.860999
A13: 1732 | B13: -83 | C13: =IF(B13=100,0,IF(MOD((1+(B13+104)/104*99),1)=0.5,IF(MOD(INT((1+(B13+104)/104*99)),2)=0,INT((1+(B13+104)/104*99)),INT((1+(B13+104)/104*99))+1),ROUND((1+(B13+104)/104*99),0))) -> 21 | D13: 0.70399392 | E13: -82 | F13: =IF(E13=100,0,IF(MOD((1+(E13+104)/104*99),1)=0.5,IF(MOD(INT((1+(E13+104)/104*99)),2)=0,INT((1+(E13+104)/104*99)),INT((1+(E13+104)/104*99))+1),ROUND((1+(E13+104)/104*99),0))) -> 22 | G13: 0.90468993 | H13: =C13*D13+F13*G13 -> 34.687051
A14: 1734 | B14: -83 | C14: =IF(B14=100,0,IF(MOD((1+(B14+104)/104*99),1)=0.5,IF(MOD(INT((1+(B14+104)/104*99)),2)=0,INT((1+(B14+104)/104*99)),INT((1+(B14+104)/104*99))+1),ROUND((1+(B14+104)/104*99),0))) -> 21 | D14: 0.70399392 | E14: -82 | F14: =IF(E14=100,0,IF(MOD((1+(E14+104)/104*99),1)=0.5,IF(MOD(INT((1+(E14+104)/104*99)),2)=0,INT((1+(E14+104)/104*99)),INT((1+(E14+104)/104*99))+1),ROUND((1+(E14+104)/104*99),0))) -> 22 | G14: 0.90468993 | H14: =C14*D14+F14*G14 -> 34.687051
A15: 1736 | B15: -85 | C15: =IF(B15=100,0,IF(MOD((1+(B15+104)/104*99),1)=0.5,IF(MOD(INT((1+(B15+104)/104*99)),2)=0,INT((1+(B15+104)/104*99)),INT((1+(B15+104)/104*99))+1),ROUND((1+(B15+104)/104*99),0))) -> 19 | D15: 0.70399392 | E15: -88 | F15: =IF(E15=100,0,IF(MOD((1+(E15+104)/104*99),1)=0.5,IF(MOD(INT((1+(E15+104)/104*99)),2)=0,INT((1+(E15+104)/104*99)),INT((1+(E15+104)/104*99))+1),ROUND((1+(E15+104)/104*99),0))) -> 16 | G15: 0.90468993 | H15: =C15*D15+F15*G15 -> 27.850923
A16: 1763 | B16: -88 | C16: =IF(B16=100,0,IF(MOD((1+(B16+104)/104*99),1)=0.5,IF(MOD(INT((1+(B16+104)/104*99)),2)=0,INT((1+(B16+104)/104*99)),INT((1+(B16+104)/104*99))+1),ROUND((1+(B16+104)/104*99),0))) -> 16 | D16: 0.70399392 | E16: -53 | F16: =IF(E16=100,0,IF(MOD((1+(E16+104)/104*99),1)=0.5,IF(MOD(INT((1+(E16+104)/104*99)),2)=0,INT((1+(E16+104)/104*99)),INT((1+(E16+104)/104*99))+1),ROUND((1+(E16+104)/104*99),0))) -> 50 | G16: 0.90468993 | H16: =C16*D16+F16*G16 -> 56.498399
... A1836: 19929 | B1836: -93 | C1836: =IF(B1836=100,0,IF(MOD((1+(B1836+104)/104*99),1)=0.5,IF(MOD(INT((1+(B1836+104)/104*99)),2)=0,INT((1+(B1836+104)/104*99)),INT((1+(B1836+104)/104*99))+1),ROUND((1+(B1836+104)/104*99),0))) -> 11 | D1836: 0.70399392 | E1836: -77 | F1836: =IF(E1836=100,0,IF(MOD((1+(E1836+104)/104*99),1)=0.5,IF(MOD(INT((1+(E1836+104)/104*99)),2)=0,INT((1+(E1836+104)/104*99)),INT((1+(E1836+104)/104*99))+1),ROUND((1+(E1836+104)/104*99),0))) -> 27 | G1836: 0.90468993 | H1836: =C1836*D1836+F1836*G1836 -> 32.170561
G1838: u(X) = tổng cột H | H1838: =SUM(H5:H1836) -> 89889.748
G1839: Support = số dòng | H1839: =COUNT(A5:A1836) -> 1832
G1840: u(X) do EFIM báo cáo | H1840: 89889.748
G1841: Support do EFIM báo cáo | H1841: 1832
G1842: minUtil tuyệt đối | H1842: 87085.981
G1843: Tổng của Excel = EFIM ? | H1843: =IF(ABS(H1838-H1840)<=0.000001*H1840,"KHỚP","LỆCH") -> KHỚP
G1844: Support khớp ? | H1844: =IF(H1839=H1841,"KHỚP","LỆCH") -> KHỚP
G1845: u(X) >= minUtil ? | H1845: =IF(H1838>=H1842*(1-0.000000001),"ĐẠT - là HUI","KHÔNG ĐẠT") -> ĐẠT - là HUI

Sheet 4_kNN_tinh_tay
A1: Định vị tay fingerprint dòng 854 của validationData.csv (dòng có sai số của mô hình tối ưu bằng trung vị)
A2: Tòa nhà / tầng thật | B2: 2 / 1 | D2: Chỉ liệt kê các WAP được phát hiện ở truy vấn hoặc ở ít nhất một ứng viên: WAP vắng mặt ở cả hai bên cho |0-0| = 0 và 0+0 = 0, không đổi khoảng cách.
A3: x thật (LONGITUDE) | B3: -7351.0463 | D3: Ứng viên = láng giềng mà các mô hình đã chọn + 2 dòng ngẫu nhiên. Việc tìm trên TOÀN BỘ 19.937 dòng do verify_positioning.py --brute kiểm tra.
A4: y thật (LATITUDE) | B4: 4864833.3 | D4: Mô hình tối ưu = trung bình toạ độ của các member; mỗi member dịch RSSI truy vấn đi δ dB, đổi sang biểu diễn của nó, lấy k láng giềng Bray-Curtis gần nhất, trọng số 1/d^p.
A5: k (số láng giềng mỗi member) | B5: 12
A6: p (trọng số = 1/d^p) | B6: 4
A7: Hệ số mét thực địa | B7: 0.766126
A8: δ member 1 (exponential), dB | B8: 0
A9: δ member 2 (positive), dB | B9: 6
A12: WAP | B12: RSSI truy vấn | C12: positive (0..100) | D12: RSSI dịch δ1 | E12: exponential sau dịch δ1 | F12: RSSI dịch δ2 | G12: positive sau dịch δ2 | H12: RSSI dòng 3514 | I12: positive dòng 3514 | J12: exponential dòng 3514 | K12: RSSI dòng 4206 | L12: positive dòng 4206 | M12: exponential dòng 4206 | N12: RSSI dòng 18952 | O12: positive dòng 18952 | P12: exponential dòng 18952 | Q12: RSSI dòng 4349 | R12: positive dòng 4349 | S12: exponential dòng 4349 | T12: RSSI dòng 18764 | U12: positive dòng 18764 | V12: exponential dòng 18764 | W12: RSSI dòng 18860 | X12: positive dòng 18860 | Y12: exponential dòng 18860 | Z12: RSSI dòng 19033 | AA12: positive dòng 19033 | AB12: exponential dòng 19033 | AC12: RSSI dòng 4066 | AD12: positive dòng 4066 | AE12: exponential dòng 4066 | AF12: RSSI dòng 4483 | AG12: positive dòng 4483 | AH12: exponential dòng 4483 | AI12: RSSI dòng 3934 | AJ12: positive dòng 3934 | AK12: exponential dòng 3934 | AL12: RSSI dòng 19134 | AM12: positive dòng 19134 | AN12: exponential dòng 19134 | AO12: RSSI dòng 19227 | AP12: positive dòng 19227 | AQ12: exponential dòng 19227 | AR12: RSSI dòng 3927 | AS12: positive dòng 3927 | AT12: exponential dòng 3927 | AU12: RSSI dòng 4345 | AV12: positive dòng 4345 | AW12: exponential dòng 4345 | AX12: RSSI dòng 18944 | AY12: positive dòng 18944 | AZ12: exponential dòng 18944 | BA12: RSSI dòng 18863 | BB12: positive dòng 18863 | BC12: exponential dòng 18863 | BD12: RSSI dòng 3790 | BE12: positive dòng 3790 | BF12: exponential dòng 3790 | BG12: RSSI dòng 19125 | BH12: positive dòng 19125 | BI12: exponential dòng 19125 | BJ12: RSSI dòng 18839 | BK12: positive dòng 18839 | BL12: exponential dòng 18839 | BM12: RSSI dòng 12464 | BN12: positive dòng 12464 | BO12: exponential dòng 12464
A13: WAP011 | B13: 100 | C13: =IF(B13=100,0,1+(MIN(0,MAX(-104,B13))+104)/104*99) -> 0 | D13: =IF(B13=100,100,MIN(0,MAX(-104,B13+$B$8))) -> 100 | E13: =IF(D13=100,0,EXP((MIN(0,MAX(-104,D13))+105)/24)/EXP(105/24)) -> 0 | F13: =IF(B13=100,100,MIN(0,MAX(-104,B13+$B$9))) -> 100 | G13: =IF(F13=100,0,1+(MIN(0,MAX(-104,F13))+104)/104*99) -> 0 | H13: 100 | I13: =IF(H13=100,0,1+(MIN(0,MAX(-104,H13))+104)/104*99) -> 0 | J13: =IF(H13=100,0,EXP((MIN(0,MAX(-104,H13))+105)/24)/EXP(105/24)) -> 0 | K13: 100 | L13: =IF(K13=100,0,1+(MIN(0,MAX(-104,K13))+104)/104*99) -> 0 | M13: =IF(K13=100,0,EXP((MIN(0,MAX(-104,K13))+105)/24)/EXP(105/24)) -> 0 | N13: 100 | O13: =IF(N13=100,0,1+(MIN(0,MAX(-104,N13))+104)/104*99) -> 0 | P13: =IF(N13=100,0,EXP((MIN(0,MAX(-104,N13))+105)/24)/EXP(105/24)) -> 0 | Q13: 100 | R13: =IF(Q13=100,0,1+(MIN(0,MAX(-104,Q13))+104)/104*99) -> 0 | S13: =IF(Q13=100,0,EXP((MIN(0,MAX(-104,Q13))+105)/24)/EXP(105/24)) -> 0 | T13: 100 | U13: =IF(T13=100,0,1+(MIN(0,MAX(-104,T13))+104)/104*99) -> 0 | V13: =IF(T13=100,0,EXP((MIN(0,MAX(-104,T13))+105)/24)/EXP(105/24)) -> 0 | W13: 100 | X13: =IF(W13=100,0,1+(MIN(0,MAX(-104,W13))+104)/104*99) -> 0 | Y13: =IF(W13=100,0,EXP((MIN(0,MAX(-104,W13))+105)/24)/EXP(105/24)) -> 0 | Z13: 100 | AA13: =IF(Z13=100,0,1+(MIN(0,MAX(-104,Z13))+104)/104*99) -> 0 | AB13: =IF(Z13=100,0,EXP((MIN(0,MAX(-104,Z13))+105)/24)/EXP(105/24)) -> 0 | AC13: 100 | AD13: =IF(AC13=100,0,1+(MIN(0,MAX(-104,AC13))+104)/104*99) -> 0 | AE13: =IF(AC13=100,0,EXP((MIN(0,MAX(-104,AC13))+105)/24)/EXP(105/24)) -> 0 | AF13: 100 | AG13: =IF(AF13=100,0,1+(MIN(0,MAX(-104,AF13))+104)/104*99) -> 0 | AH13: =IF(AF13=100,0,EXP((MIN(0,MAX(-104,AF13))+105)/24)/EXP(105/24)) -> 0 | AI13: 100 | AJ13: =IF(AI13=100,0,1+(MIN(0,MAX(-104,AI13))+104)/104*99) -> 0 | AK13: =IF(AI13=100,0,EXP((MIN(0,MAX(-104,AI13))+105)/24)/EXP(105/24)) -> 0 | AL13: 100 | AM13: =IF(AL13=100,0,1+(MIN(0,MAX(-104,AL13))+104)/104*99) -> 0 | AN13: =IF(AL13=100,0,EXP((MIN(0,MAX(-104,AL13))+105)/24)/EXP(105/24)) -> 0 | AO13: 100 | AP13: =IF(AO13=100,0,1+(MIN(0,MAX(-104,AO13))+104)/104*99) -> 0 | AQ13: =IF(AO13=100,0,EXP((MIN(0,MAX(-104,AO13))+105)/24)/EXP(105/24)) -> 0 | AR13: 100 | AS13: =IF(AR13=100,0,1+(MIN(0,MAX(-104,AR13))+104)/104*99) -> 0 | AT13: =IF(AR13=100,0,EXP((MIN(0,MAX(-104,AR13))+105)/24)/EXP(105/24)) -> 0 | AU13: 100 | AV13: =IF(AU13=100,0,1+(MIN(0,MAX(-104,AU13))+104)/104*99) -> 0 | AW13: =IF(AU13=100,0,EXP((MIN(0,MAX(-104,AU13))+105)/24)/EXP(105/24)) -> 0 | AX13: 100 | AY13: =IF(AX13=100,0,1+(MIN(0,MAX(-104,AX13))+104)/104*99) -> 0 | AZ13: =IF(AX13=100,0,EXP((MIN(0,MAX(-104,AX13))+105)/24)/EXP(105/24)) -> 0 | BA13: 100 | BB13: =IF(BA13=100,0,1+(MIN(0,MAX(-104,BA13))+104)/104*99) -> 0 | BC13: =IF(BA13=100,0,EXP((MIN(0,MAX(-104,BA13))+105)/24)/EXP(105/24)) -> 0 | BD13: 100 | BE13: =IF(BD13=100,0,1+(MIN(0,MAX(-104,BD13))+104)/104*99) -> 0 | BF13: =IF(BD13=100,0,EXP((MIN(0,MAX(-104,BD13))+105)/24)/EXP(105/24)) -> 0 | BG13: 100 | BH13: =IF(BG13=100,0,1+(MIN(0,MAX(-104,BG13))+104)/104*99) -> 0 | BI13: =IF(BG13=100,0,EXP((MIN(0,MAX(-104,BG13))+105)/24)/EXP(105/24)) -> 0 | BJ13: 100 | BK13: =IF(BJ13=100,0,1+(MIN(0,MAX(-104,BJ13))+104)/104*99) -> 0 | BL13: =IF(BJ13=100,0,EXP((MIN(0,MAX(-104,BJ13))+105)/24)/EXP(105/24)) -> 0 | BM13: -73 | BN13: =IF(BM13=100,0,1+(MIN(0,MAX(-104,BM13))+104)/104*99) -> 30.509615 | BO13: =IF(BM13=100,0,EXP((MIN(0,MAX(-104,BM13))+105)/24)/EXP(105/24)) -> 0.047755231
A14: WAP012 | B14: 100 | C14: =IF(B14=100,0,1+(MIN(0,MAX(-104,B14))+104)/104*99) -> 0 | D14: =IF(B14=100,100,MIN(0,MAX(-104,B14+$B$8))) -> 100 | E14: =IF(D14=100,0,EXP((MIN(0,MAX(-104,D14))+105)/24)/EXP(105/24)) -> 0 | F14: =IF(B14=100,100,MIN(0,MAX(-104,B14+$B$9))) -> 100 | G14: =IF(F14=100,0,1+(MIN(0,MAX(-104,F14))+104)/104*99) -> 0 | H14: 100 | I14: =IF(H14=100,0,1+(MIN(0,MAX(-104,H14))+104)/104*99) -> 0 | J14: =IF(H14=100,0,EXP((MIN(0,MAX(-104,H14))+105)/24)/EXP(105/24)) -> 0 | K14: 100 | L14: =IF(K14=100,0,1+(MIN(0,MAX(-104,K14))+104)/104*99) -> 0 | M14: =IF(K14=100,0,EXP((MIN(0,MAX(-104,K14))+105)/24)/EXP(105/24)) -> 0 | N14: 100 | O14: =IF(N14=100,0,1+(MIN(0,MAX(-104,N14))+104)/104*99) -> 0 | P14: =IF(N14=100,0,EXP((MIN(0,MAX(-104,N14))+105)/24)/EXP(105/24)) -> 0 | Q14: 100 | R14: =IF(Q14=100,0,1+(MIN(0,MAX(-104,Q14))+104)/104*99) -> 0 | S14: =IF(Q14=100,0,EXP((MIN(0,MAX(-104,Q14))+105)/24)/EXP(105/24)) -> 0 | T14: 100 | U14: =IF(T14=100,0,1+(MIN(0,MAX(-104,T14))+104)/104*99) -> 0 | V14: =IF(T14=100,0,EXP((MIN(0,MAX(-104,T14))+105)/24)/EXP(105/24)) -> 0 | W14: 100 | X14: =IF(W14=100,0,1+(MIN(0,MAX(-104,W14))+104)/104*99) -> 0 | Y14: =IF(W14=100,0,EXP((MIN(0,MAX(-104,W14))+105)/24)/EXP(105/24)) -> 0 | Z14: 100 | AA14: =IF(Z14=100,0,1+(MIN(0,MAX(-104,Z14))+104)/104*99) -> 0 | AB14: =IF(Z14=100,0,EXP((MIN(0,MAX(-104,Z14))+105)/24)/EXP(105/24)) -> 0 | AC14: 100 | AD14: =IF(AC14=100,0,1+(MIN(0,MAX(-104,AC14))+104)/104*99) -> 0 | AE14: =IF(AC14=100,0,EXP((MIN(0,MAX(-104,AC14))+105)/24)/EXP(105/24)) -> 0 | AF14: 100 | AG14: =IF(AF14=100,0,1+(MIN(0,MAX(-104,AF14))+104)/104*99) -> 0 | AH14: =IF(AF14=100,0,EXP((MIN(0,MAX(-104,AF14))+105)/24)/EXP(105/24)) -> 0 | AI14: 100 | AJ14: =IF(AI14=100,0,1+(MIN(0,MAX(-104,AI14))+104)/104*99) -> 0 | AK14: =IF(AI14=100,0,EXP((MIN(0,MAX(-104,AI14))+105)/24)/EXP(105/24)) -> 0 | AL14: 100 | AM14: =IF(AL14=100,0,1+(MIN(0,MAX(-104,AL14))+104)/104*99) -> 0 | AN14: =IF(AL14=100,0,EXP((MIN(0,MAX(-104,AL14))+105)/24)/EXP(105/24)) -> 0 | AO14: 100 | AP14: =IF(AO14=100,0,1+(MIN(0,MAX(-104,AO14))+104)/104*99) -> 0 | AQ14: =IF(AO14=100,0,EXP((MIN(0,MAX(-104,AO14))+105)/24)/EXP(105/24)) -> 0 | AR14: 100 | AS14: =IF(AR14=100,0,1+(MIN(0,MAX(-104,AR14))+104)/104*99) -> 0 | AT14: =IF(AR14=100,0,EXP((MIN(0,MAX(-104,AR14))+105)/24)/EXP(105/24)) -> 0 | AU14: 100 | AV14: =IF(AU14=100,0,1+(MIN(0,MAX(-104,AU14))+104)/104*99) -> 0 | AW14: =IF(AU14=100,0,EXP((MIN(0,MAX(-104,AU14))+105)/24)/EXP(105/24)) -> 0 | AX14: -85 | AY14: =IF(AX14=100,0,1+(MIN(0,MAX(-104,AX14))+104)/104*99) -> 19.086538 | AZ14: =IF(AX14=100,0,EXP((MIN(0,MAX(-104,AX14))+105)/24)/EXP(105/24)) -> 0.028965012 | BA14: 100 | BB14: =IF(BA14=100,0,1+(MIN(0,MAX(-104,BA14))+104)/104*99) -> 0 | BC14: =IF(BA14=100,0,EXP((MIN(0,MAX(-104,BA14))+105)/24)/EXP(105/24)) -> 0 | BD14: 100 | BE14: =IF(BD14=100,0,1+(MIN(0,MAX(-104,BD14))+104)/104*99) -> 0 | BF14: =IF(BD14=100,0,EXP((MIN(0,MAX(-104,BD14))+105)/24)/EXP(105/24)) -> 0 | BG14: 100 | BH14: =IF(BG14=100,0,1+(MIN(0,MAX(-104,BG14))+104)/104*99) -> 0 | BI14: =IF(BG14=100,0,EXP((MIN(0,MAX(-104,BG14))+105)/24)/EXP(105/24)) -> 0 | BJ14: 100 | BK14: =IF(BJ14=100,0,1+(MIN(0,MAX(-104,BJ14))+104)/104*99) -> 0 | BL14: =IF(BJ14=100,0,EXP((MIN(0,MAX(-104,BJ14))+105)/24)/EXP(105/24)) -> 0 | BM14: -73 | BN14: =IF(BM14=100,0,1+(MIN(0,MAX(-104,BM14))+104)/104*99) -> 30.509615 | BO14: =IF(BM14=100,0,EXP((MIN(0,MAX(-104,BM14))+105)/24)/EXP(105/24)) -> 0.047755231
A15: WAP059 | B15: 100 | C15: =IF(B15=100,0,1+(MIN(0,MAX(-104,B15))+104)/104*99) -> 0 | D15: =IF(B15=100,100,MIN(0,MAX(-104,B15+$B$8))) -> 100 | E15: =IF(D15=100,0,EXP((MIN(0,MAX(-104,D15))+105)/24)/EXP(105/24)) -> 0 | F15: =IF(B15=100,100,MIN(0,MAX(-104,B15+$B$9))) -> 100 | G15: =IF(F15=100,0,1+(MIN(0,MAX(-104,F15))+104)/104*99) -> 0 | H15: -89 | I15: =IF(H15=100,0,1+(MIN(0,MAX(-104,H15))+104)/104*99) -> 15.278846 | J15: =IF(H15=100,0,EXP((MIN(0,MAX(-104,H15))+105)/24)/EXP(105/24)) -> 0.024518353 | K15: 100 | L15: =IF(K15=100,0,1+(MIN(0,MAX(-104,K15))+104)/104*99) -> 0 | M15: =IF(K15=100,0,EXP((MIN(0,MAX(-104,K15))+105)/24)/EXP(105/24)) -> 0 | N15: 100 | O15: =IF(N15=100,0,1+(MIN(0,MAX(-104,N15))+104)/104*99) -> 0 | P15: =IF(N15=100,0,EXP((MIN(0,MAX(-104,N15))+105)/24)/EXP(105/24)) -> 0 | Q15: 100 | R15: =IF(Q15=100,0,1+(MIN(0,MAX(-104,Q15))+104)/104*99) -> 0 | S15: =IF(Q15=100,0,EXP((MIN(0,MAX(-104,Q15))+105)/24)/EXP(105/24)) -> 0 | T15: 100 | U15: =IF(T15=100,0,1+(MIN(0,MAX(-104,T15))+104)/104*99) -> 0 | V15: =IF(T15=100,0,EXP((MIN(0,MAX(-104,T15))+105)/24)/EXP(105/24)) -> 0 | W15: 100 | X15: =IF(W15=100,0,1+(MIN(0,MAX(-104,W15))+104)/104*99) -> 0 | Y15: =IF(W15=100,0,EXP((MIN(0,MAX(-104,W15))+105)/24)/EXP(105/24)) -> 0 | Z15: 100 | AA15: =IF(Z15=100,0,1+(MIN(0,MAX(-104,Z15))+104)/104*99) -> 0 | AB15: =IF(Z15=100,0,EXP((MIN(0,MAX(-104,Z15))+105)/24)/EXP(105/24)) -> 0 | AC15: 100 | AD15: =IF(AC15=100,0,1+(MIN(0,MAX(-104,AC15))+104)/104*99) -> 0 | AE15: =IF(AC15=100,0,EXP((MIN(0,MAX(-104,AC15))+105)/24)/EXP(105/24)) -> 0 | AF15: 100 | AG15: =IF(AF15=100,0,1+(MIN(0,MAX(-104,AF15))+104)/104*99) -> 0 | AH15: =IF(AF15=100,0,EXP((MIN(0,MAX(-104,AF15))+105)/24)/EXP(105/24)) -> 0 | AI15: 100 | AJ15: =IF(AI15=100,0,1+(MIN(0,MAX(-104,AI15))+104)/104*99) -> 0 | AK15: =IF(AI15=100,0,EXP((MIN(0,MAX(-104,AI15))+105)/24)/EXP(105/24)) -> 0 | AL15: 100 | AM15: =IF(AL15=100,0,1+(MIN(0,MAX(-104,AL15))+104)/104*99) -> 0 | AN15: =IF(AL15=100,0,EXP((MIN(0,MAX(-104,AL15))+105)/24)/EXP(105/24)) -> 0 | AO15: 100 | AP15: =IF(AO15=100,0,1+(MIN(0,MAX(-104,AO15))+104)/104*99) -> 0 | AQ15: =IF(AO15=100,0,EXP((MIN(0,MAX(-104,AO15))+105)/24)/EXP(105/24)) -> 0 | AR15: -84 | AS15: =IF(AR15=100,0,1+(MIN(0,MAX(-104,AR15))+104)/104*99) -> 20.038462 | AT15: =IF(AR15=100,0,EXP((MIN(0,MAX(-104,AR15))+105)/24)/EXP(105/24)) -> 0.030197383 | AU15: 100 | AV15: =IF(AU15=100,0,1+(MIN(0,MAX(-104,AU15))+104)/104*99) -> 0 | AW15: =IF(AU15=100,0,EXP((MIN(0,MAX(-104,AU15))+105)/24)/EXP(105/24)) -> 0 | AX15: 100 | AY15: =IF(AX15=100,0,1+(MIN(0,MAX(-104,AX15))+104)/104*99) -> 0 | AZ15: =IF(AX15=100,0,EXP((MIN(0,MAX(-104,AX15))+105)/24)/EXP(105/24)) -> 0 | BA15: 100 | BB15: =IF(BA15=100,0,1+(MIN(0,MAX(-104,BA15))+104)/104*99) -> 0 | BC15: =IF(BA15=100,0,EXP((MIN(0,MAX(-104,BA15))+105)/24)/EXP(105/24)) -> 0 | BD15: 100 | BE15: =IF(BD15=100,0,1+(MIN(0,MAX(-104,BD15))+104)/104*99) -> 0 | BF15: =IF(BD15=100,0,EXP((MIN(0,MAX(-104,BD15))+105)/24)/EXP(105/24)) -> 0 | BG15: -79 | BH15: =IF(BG15=100,0,1+(MIN(0,MAX(-104,BG15))+104)/104*99) -> 24.798077 | BI15: =IF(BG15=100,0,EXP((MIN(0,MAX(-104,BG15))+105)/24)/EXP(105/24)) -> 0.037191811 | BJ15: 100 | BK15: =IF(BJ15=100,0,1+(MIN(0,MAX(-104,BJ15))+104)/104*99) -> 0 | BL15: =IF(BJ15=100,0,EXP((MIN(0,MAX(-104,BJ15))+105)/24)/EXP(105/24)) -> 0 | BM15: 100 | BN15: =IF(BM15=100,0,1+(MIN(0,MAX(-104,BM15))+104)/104*99) -> 0 | BO15: =IF(BM15=100,0,EXP((MIN(0,MAX(-104,BM15))+105)/24)/EXP(105/24)) -> 0
A16: WAP060 | B16: 100 | C16: =IF(B16=100,0,1+(MIN(0,MAX(-104,B16))+104)/104*99) -> 0 | D16: =IF(B16=100,100,MIN(0,MAX(-104,B16+$B$8))) -> 100 | E16: =IF(D16=100,0,EXP((MIN(0,MAX(-104,D16))+105)/24)/EXP(105/24)) -> 0 | F16: =IF(B16=100,100,MIN(0,MAX(-104,B16+$B$9))) -> 100 | G16: =IF(F16=100,0,1+(MIN(0,MAX(-104,F16))+104)/104*99) -> 0 | H16: -92 | I16: =IF(H16=100,0,1+(MIN(0,MAX(-104,H16))+104)/104*99) -> 12.423077 | J16: =IF(H16=100,0,EXP((MIN(0,MAX(-104,H16))+105)/24)/EXP(105/24)) -> 0.021637371 | K16: 100 | L16: =IF(K16=100,0,1+(MIN(0,MAX(-104,K16))+104)/104*99) -> 0 | M16: =IF(K16=100,0,EXP((MIN(0,MAX(-104,K16))+105)/24)/EXP(105/24)) -> 0 | N16: -85 | O16: =IF(N16=100,0,1+(MIN(0,MAX(-104,N16))+104)/104*99) -> 19.086538 | P16: =IF(N16=100,0,EXP((MIN(0,MAX(-104,N16))+105)/24)/EXP(105/24)) -> 0.028965012 | Q16: -93 | R16: =IF(Q16=100,0,1+(MIN(0,MAX(-104,Q16))+104)/104*99) -> 11.471154 | S16: =IF(Q16=100,0,EXP((MIN(0,MAX(-104,Q16))+105)/24)/EXP(105/24)) -> 0.020754338 | T16: 100 | U16: =IF(T16=100,0,1+(MIN(0,MAX(-104,T16))+104)/104*99) -> 0 | V16: =IF(T16=100,0,EXP((MIN(0,MAX(-104,T16))+105)/24)/EXP(105/24)) -> 0 | W16: -85 | X16: =IF(W16=100,0,1+(MIN(0,MAX(-104,W16))+104)/104*99) -> 19.086538 | Y16: =IF(W16=100,0,EXP((MIN(0,MAX(-104,W16))+105)/24)/EXP(105/24)) -> 0.028965012 | Z16: 100 | AA16: =IF(Z16=100,0,1+(MIN(0,MAX(-104,Z16))+104)/104*99) -> 0 | AB16: =IF(Z16=100,0,EXP((MIN(0,MAX(-104,Z16))+105)/24)/EXP(105/24)) -> 0 | AC16: 100 | AD16: =IF(AC16=100,0,1+(MIN(0,MAX(-104,AC16))+104)/104*99) -> 0 | AE16: =IF(AC16=100,0,EXP((MIN(0,MAX(-104,AC16))+105)/24)/EXP(105/24)) -> 0 | AF16: 100 | AG16: =IF(AF16=100,0,1+(MIN(0,MAX(-104,AF16))+104)/104*99) -> 0 | AH16: =IF(AF16=100,0,EXP((MIN(0,MAX(-104,AF16))+105)/24)/EXP(105/24)) -> 0 | AI16: -93 | AJ16: =IF(AI16=100,0,1+(MIN(0,MAX(-104,AI16))+104)/104*99) -> 11.471154 | AK16: =IF(AI16=100,0,EXP((MIN(0,MAX(-104,AI16))+105)/24)/EXP(105/24)) -> 0.020754338 | AL16: 100 | AM16: =IF(AL16=100,0,1+(MIN(0,MAX(-104,AL16))+104)/104*99) -> 0 | AN16: =IF(AL16=100,0,EXP((MIN(0,MAX(-104,AL16))+105)/24)/EXP(105/24)) -> 0 | AO16: 100 | AP16: =IF(AO16=100,0,1+(MIN(0,MAX(-104,AO16))+104)/104*99) -> 0 | AQ16: =IF(AO16=100,0,EXP((MIN(0,MAX(-104,AO16))+105)/24)/EXP(105/24)) -> 0 | AR16: 100 | AS16: =IF(AR16=100,0,1+(MIN(0,MAX(-104,AR16))+104)/104*99) -> 0 | AT16: =IF(AR16=100,0,EXP((MIN(0,MAX(-104,AR16))+105)/24)/EXP(105/24)) -> 0 | AU16: 100 | AV16: =IF(AU16=100,0,1+(MIN(0,MAX(-104,AU16))+104)/104*99) -> 0 | AW16: =IF(AU16=100,0,EXP((MIN(0,MAX(-104,AU16))+105)/24)/EXP(105/24)) -> 0 | AX16: 100 | AY16: =IF(AX16=100,0,1+(MIN(0,MAX(-104,AX16))+104)/104*99) -> 0 | AZ16: =IF(AX16=100,0,EXP((MIN(0,MAX(-104,AX16))+105)/24)/EXP(105/24)) -> 0 | BA16: 100 | BB16: =IF(BA16=100,0,1+(MIN(0,MAX(-104,BA16))+104)/104*99) -> 0 | BC16: =IF(BA16=100,0,EXP((MIN(0,MAX(-104,BA16))+105)/24)/EXP(105/24)) -> 0 | BD16: 100 | BE16: =IF(BD16=100,0,1+(MIN(0,MAX(-104,BD16))+104)/104*99) -> 0 | BF16: =IF(BD16=100,0,EXP((MIN(0,MAX(-104,BD16))+105)/24)/EXP(105/24)) -> 0 | BG16: 100 | BH16: =IF(BG16=100,0,1+(MIN(0,MAX(-104,BG16))+104)/104*99) -> 0 | BI16: =IF(BG16=100,0,EXP((MIN(0,MAX(-104,BG16))+105)/24)/EXP(105/24)) -> 0 | BJ16: 100 | BK16: =IF(BJ16=100,0,1+(MIN(0,MAX(-104,BJ16))+104)/104*99) -> 0 | BL16: =IF(BJ16=100,0,EXP((MIN(0,MAX(-104,BJ16))+105)/24)/EXP(105/24)) -> 0 | BM16: 100 | BN16: =IF(BM16=100,0,1+(MIN(0,MAX(-104,BM16))+104)/104*99) -> 0 | BO16: =IF(BM16=100,0,EXP((MIN(0,MAX(-104,BM16))+105)/24)/EXP(105/24)) -> 0
A17: WAP061 | B17: -77 | C17: =IF(B17=100,0,1+(MIN(0,MAX(-104,B17))+104)/104*99) -> 26.701923 | D17: =IF(B17=100,100,MIN(0,MAX(-104,B17+$B$8))) -> -77 | E17: =IF(D17=100,0,EXP((MIN(0,MAX(-104,D17))+105)/24)/EXP(105/24)) -> 0.04042393 | F17: =IF(B17=100,100,MIN(0,MAX(-104,B17+$B$9))) -> -71 | G17: =IF(F17=100,0,1+(MIN(0,MAX(-104,F17))+104)/104*99) -> 32.413462 | H17: -79 | I17: =IF(H17=100,0,1+(MIN(0,MAX(-104,H17))+104)/104*99) -> 24.798077 | J17: =IF(H17=100,0,EXP((MIN(0,MAX(-104,H17))+105)/24)/EXP(105/24)) -> 0.037191811 | K17: -73 | L17: =IF(K17=100,0,1+(MIN(0,MAX(-104,K17))+104)/104*99) -> 30.509615 | M17: =IF(K17=100,0,EXP((MIN(0,MAX(-104,K17))+105)/24)/EXP(105/24)) -> 0.047755231 | N17: -76 | O17: =IF(N17=100,0,1+(MIN(0,MAX(-104,N17))+104)/104*99) -> 27.653846 | P17: =IF(N17=100,0,EXP((MIN(0,MAX(-104,N17))+105)/24)/EXP(105/24)) -> 0.042143844 | Q17: -88 | R17: =IF(Q17=100,0,1+(MIN(0,MAX(-104,Q17))+104)/104*99) -> 16.230769 | S17: =IF(Q17=100,0,EXP((MIN(0,MAX(-104,Q17))+105)/24)/EXP(105/24)) -> 0.025561533 | T17: -76 | U17: =IF(T17=100,0,1+(MIN(0,MAX(-104,T17))+104)/104*99) -> 27.653846 | V17: =IF(T17=100,0,EXP((MIN(0,MAX(-104,T17))+105)/24)/EXP(105/24)) -> 0.042143844 | W17: -76 | X17: =IF(W17=100,0,1+(MIN(0,MAX(-104,W17))+104)/104*99) -> 27.653846 | Y17: =IF(W17=100,0,EXP((MIN(0,MAX(-104,W17))+105)/24)/EXP(105/24)) -> 0.042143844 | Z17: -76 | AA17: =IF(Z17=100,0,1+(MIN(0,MAX(-104,Z17))+104)/104*99) -> 27.653846 | AB17: =IF(Z17=100,0,EXP((MIN(0,MAX(-104,Z17))+105)/24)/EXP(105/24)) -> 0.042143844 | AC17: 100 | AD17: =IF(AC17=100,0,1+(MIN(0,MAX(-104,AC17))+104)/104*99) -> 0 | AE17: =IF(AC17=100,0,EXP((MIN(0,MAX(-104,AC17))+105)/24)/EXP(105/24)) -> 0 | AF17: -73 | AG17: =IF(AF17=100,0,1+(MIN(0,MAX(-104,AF17))+104)/104*99) -> 30.509615 | AH17: =IF(AF17=100,0,EXP((MIN(0,MAX(-104,AF17))+105)/24)/EXP(105/24)) -> 0.047755231 | AI17: 100 | AJ17: =IF(AI17=100,0,1+(MIN(0,MAX(-104,AI17))+104)/104*99) -> 0 | AK17: =IF(AI17=100,0,EXP((MIN(0,MAX(-104,AI17))+105)/24)/EXP(105/24)) -> 0 | AL17: -85 | AM17: =IF(AL17=100,0,1+(MIN(0,MAX(-104,AL17))+104)/104*99) -> 19.086538 | AN17: =IF(AL17=100,0,EXP((MIN(0,MAX(-104,AL17))+105)/24)/EXP(105/24)) -> 0.028965012 | AO17: -85 | AP17: =IF(AO17=100,0,1+(MIN(0,MAX(-104,AO17))+104)/104*99) -> 19.086538 | AQ17: =IF(AO17=100,0,EXP((MIN(0,MAX(-104,AO17))+105)/24)/EXP(105/24)) -> 0.028965012 | AR17: -70 | AS17: =IF(AR17=100,0,1+(MIN(0,MAX(-104,AR17))+104)/104*99) -> 33.365385 | AT17: =IF(AR17=100,0,EXP((MIN(0,MAX(-104,AR17))+105)/24)/EXP(105/24)) -> 0.054113766 | AU17: -70 | AV17: =IF(AU17=100,0,1+(MIN(0,MAX(-104,AU17))+104)/104*99) -> 33.365385 | AW17: =IF(AU17=100,0,EXP((MIN(0,MAX(-104,AU17))+105)/24)/EXP(105/24)) -> 0.054113766 | AX17: -76 | AY17: =IF(AX17=100,0,1+(MIN(0,MAX(-104,AX17))+104)/104*99) -> 27.653846 | AZ17: =IF(AX17=100,0,EXP((MIN(0,MAX(-104,AX17))+105)/24)/EXP(105/24)) -> 0.042143844 | BA17: -76 | BB17: =IF(BA17=100,0,1+(MIN(0,MAX(-104,BA17))+104)/104*99) -> 27.653846 | BC17: =IF(BA17=100,0,EXP((MIN(0,MAX(-104,BA17))+105)/24)/EXP(105/24)) -> 0.042143844 | BD17: -66 | BE17: =IF(BD17=100,0,1+(MIN(0,MAX(-104,BD17))+104)/104*99) -> 37.173077 | BF17: =IF(BD17=100,0,EXP((MIN(0,MAX(-104,BD17))+105)/24)/EXP(105/24)) -> 0.063927861 | BG17: -76 | BH17: =IF(BG17=100,0,1+(MIN(0,MAX(-104,BG17))+104)/104*99) -> 27.653846 | BI17: =IF(BG17=100,0,EXP((MIN(0,MAX(-104,BG17))+105)/24)/EXP(105/24)) -> 0.042143844 | BJ17: -94 | BK17: =IF(BJ17=100,0,1+(MIN(0,MAX(-104,BJ17))+104)/104*99) -> 10.519231 | BL17: =IF(BJ17=100,0,EXP((MIN(0,MAX(-104,BJ17))+105)/24)/EXP(105/24)) -> 0.019907342 | BM17: 100 | BN17: =IF(BM17=100,0,1+(MIN(0,MAX(-104,BM17))+104)/104*99) -> 0 | BO17: =IF(BM17=100,0,EXP((MIN(0,MAX(-104,BM17))+105)/24)/EXP(105/24)) -> 0
A18: WAP062 | B18: -76 | C18: =IF(B18=100,0,1+(MIN(0,MAX(-104,B18))+104)/104*99) -> 27.653846 | D18: =IF(B18=100,100,MIN(0,MAX(-104,B18+$B$8))) -> -76 | E18: =IF(D18=100,0,EXP((MIN(0,MAX(-104,D18))+105)/24)/EXP(105/24)) -> 0.042143844 | F18: =IF(B18=100,100,MIN(0,MAX(-104,B18+$B$9))) -> -70 | G18: =IF(F18=100,0,1+(MIN(0,MAX(-104,F18))+104)/104*99) -> 33.365385 | H18: -81 | I18: =IF(H18=100,0,1+(MIN(0,MAX(-104,H18))+104)/104*99) -> 22.894231 | J18: =IF(H18=100,0,EXP((MIN(0,MAX(-104,H18))+105)/24)/EXP(105/24)) -> 0.034218118 | K18: -75 | L18: =IF(K18=100,0,1+(MIN(0,MAX(-104,K18))+104)/104*99) -> 28.605769 | M18: =IF(K18=100,0,EXP((MIN(0,MAX(-104,K18))+105)/24)/EXP(105/24)) -> 0.043936934 | N18: -76 | O18: =IF(N18=100,0,1+(MIN(0,MAX(-104,N18))+104)/104*99) -> 27.653846 | P18: =IF(N18=100,0,EXP((MIN(0,MAX(-104,N18))+105)/24)/EXP(105/24)) -> 0.042143844 | Q18: -87 | R18: =IF(Q18=100,0,1+(MIN(0,MAX(-104,Q18))+104)/104*99) -> 17.182692 | S18: =IF(Q18=100,0,EXP((MIN(0,MAX(-104,Q18))+105)/24)/EXP(105/24)) -> 0.026649097 | T18: -76 | U18: =IF(T18=100,0,1+(MIN(0,MAX(-104,T18))+104)/104*99) -> 27.653846 | V18: =IF(T18=100,0,EXP((MIN(0,MAX(-104,T18))+105)/24)/EXP(105/24)) -> 0.042143844 | W18: -76 | X18: =IF(W18=100,0,1+(MIN(0,MAX(-104,W18))+104)/104*99) -> 27.653846 | Y18: =IF(W18=100,0,EXP((MIN(0,MAX(-104,W18))+105)/24)/EXP(105/24)) -> 0.042143844 | Z18: 100 | AA18: =IF(Z18=100,0,1+(MIN(0,MAX(-104,Z18))+104)/104*99) -> 0 | AB18: =IF(Z18=100,0,EXP((MIN(0,MAX(-104,Z18))+105)/24)/EXP(105/24)) -> 0 | AC18: -88 | AD18: =IF(AC18=100,0,1+(MIN(0,MAX(-104,AC18))+104)/104*99) -> 16.230769 | AE18: =IF(AC18=100,0,EXP((MIN(0,MAX(-104,AC18))+105)/24)/EXP(105/24)) -> 0.025561533 | AF18: -73 | AG18: =IF(AF18=100,0,1+(MIN(0,MAX(-104,AF18))+104)/104*99) -> 30.509615 | AH18: =IF(AF18=100,0,EXP((MIN(0,MAX(-104,AF18))+105)/24)/EXP(105/24)) -> 0.047755231 | AI18: 100 | AJ18: =IF(AI18=100,0,1+(MIN(0,MAX(-104,AI18))+104)/104*99) -> 0 | AK18: =IF(AI18=100,0,EXP((MIN(0,MAX(-104,AI18))+105)/24)/EXP(105/24)) -> 0 | AL18: -82 | AM18: =IF(AL18=100,0,1+(MIN(0,MAX(-104,AL18))+104)/104*99) -> 21.942308 | AN18: =IF(AL18=100,0,EXP((MIN(0,MAX(-104,AL18))+105)/24)/EXP(105/24)) -> 0.032821658 | AO18: -82 | AP18: =IF(AO18=100,0,1+(MIN(0,MAX(-104,AO18))+104)/104*99) -> 21.942308 | AQ18: =IF(AO18=100,0,EXP((MIN(0,MAX(-104,AO18))+105)/24)/EXP(105/24)) -> 0.032821658 | AR18: -71 | AS18: =IF(AR18=100,0,1+(MIN(0,MAX(-104,AR18))+104)/104*99) -> 32.413462 | AT18: =IF(AR18=100,0,EXP((MIN(0,MAX(-104,AR18))+105)/24)/EXP(105/24)) -> 0.051905354 | AU18: -69 | AV18: =IF(AU18=100,0,1+(MIN(0,MAX(-104,AU18))+104)/104*99) -> 34.317308 | AW18: =IF(AU18=100,0,EXP((MIN(0,MAX(-104,AU18))+105)/24)/EXP(105/24)) -> 0.05641614 | AX18: -76 | AY18: =IF(AX18=100,0,1+(MIN(0,MAX(-104,AX18))+104)/104*99) -> 27.653846 | AZ18: =IF(AX18=100,0,EXP((MIN(0,MAX(-104,AX18))+105)/24)/EXP(105/24)) -> 0.042143844 | BA18: -79 | BB18: =IF(BA18=100,0,1+(MIN(0,MAX(-104,BA18))+104)/104*99) -> 24.798077 | BC18: =IF(BA18=100,0,EXP((MIN(0,MAX(-104,BA18))+105)/24)/EXP(105/24)) -> 0.037191811 | BD18: -66 | BE18: =IF(BD18=100,0,1+(MIN(0,MAX(-104,BD18))+104)/104*99) -> 37.173077 | BF18: =IF(BD18=100,0,EXP((MIN(0,MAX(-104,BD18))+105)/24)/EXP(105/24)) -> 0.063927861 | BG18: 100 | BH18: =IF(BG18=100,0,1+(MIN(0,MAX(-104,BG18))+104)/104*99) -> 0 | BI18: =IF(BG18=100,0,EXP((MIN(0,MAX(-104,BG18))+105)/24)/EXP(105/24)) -> 0 | BJ18: -92 | BK18: =IF(BJ18=100,0,1+(MIN(0,MAX(-104,BJ18))+104)/104*99) -> 12.423077 | BL18: =IF(BJ18=100,0,EXP((MIN(0,MAX(-104,BJ18))+105)/24)/EXP(105/24)) -> 0.021637371 | BM18: 100 | BN18: =IF(BM18=100,0,1+(MIN(0,MAX(-104,BM18))+104)/104*99) -> 0 | BO18: =IF(BM18=100,0,EXP((MIN(0,MAX(-104,BM18))+105)/24)/EXP(105/24)) -> 0
A19: WAP063 | B19: 100 | C19: =IF(B19=100,0,1+(MIN(0,MAX(-104,B19))+104)/104*99) -> 0 | D19: =IF(B19=100,100,MIN(0,MAX(-104,B19+$B$8))) -> 100 | E19: =IF(D19=100,0,EXP((MIN(0,MAX(-104,D19))+105)/24)/EXP(105/24)) -> 0 | F19: =IF(B19=100,100,MIN(0,MAX(-104,B19+$B$9))) -> 100 | G19: =IF(F19=100,0,1+(MIN(0,MAX(-104,F19))+104)/104*99) -> 0 | H19: 100 | I19: =IF(H19=100,0,1+(MIN(0,MAX(-104,H19))+104)/104*99) -> 0 | J19: =IF(H19=100,0,EXP((MIN(0,MAX(-104,H19))+105)/24)/EXP(105/24)) -> 0 | K19: 100 | L19: =IF(K19=100,0,1+(MIN(0,MAX(-104,K19))+104)/104*99) -> 0 | M19: =IF(K19=100,0,EXP((MIN(0,MAX(-104,K19))+105)/24)/EXP(105/24)) -> 0 | N19: -85 | O19: =IF(N19=100,0,1+(MIN(0,MAX(-104,N19))+104)/104*99) -> 19.086538 | P19: =IF(N19=100,0,EXP((MIN(0,MAX(-104,N19))+105)/24)/EXP(105/24)) -> 0.028965012 | Q19: 100 | R19: =IF(Q19=100,0,1+(MIN(0,MAX(-104,Q19))+104)/104*99) -> 0 | S19: =IF(Q19=100,0,EXP((MIN(0,MAX(-104,Q19))+105)/24)/EXP(105/24)) -> 0 | T19: 100 | U19: =IF(T19=100,0,1+(MIN(0,MAX(-104,T19))+104)/104*99) -> 0 | V19: =IF(T19=100,0,EXP((MIN(0,MAX(-104,T19))+105)/24)/EXP(105/24)) -> 0 | W19: -85 | X19: =IF(W19=100,0,1+(MIN(0,MAX(-104,W19))+104)/104*99) -> 19.086538 | Y19: =IF(W19=100,0,EXP((MIN(0,MAX(-104,W19))+105)/24)/EXP(105/24)) -> 0.028965012 | Z19: 100 | AA19: =IF(Z19=100,0,1+(MIN(0,MAX(-104,Z19))+104)/104*99) -> 0 | AB19: =IF(Z19=100,0,EXP((MIN(0,MAX(-104,Z19))+105)/24)/EXP(105/24)) -> 0 | AC19: 100 | AD19: =IF(AC19=100,0,1+(MIN(0,MAX(-104,AC19))+104)/104*99) -> 0 | AE19: =IF(AC19=100,0,EXP((MIN(0,MAX(-104,AC19))+105)/24)/EXP(105/24)) -> 0 | AF19: 100 | AG19: =IF(AF19=100,0,1+(MIN(0,MAX(-104,AF19))+104)/104*99) -> 0 | AH19: =IF(AF19=100,0,EXP((MIN(0,MAX(-104,AF19))+105)/24)/EXP(105/24)) -> 0 | AI19: 100 | AJ19: =IF(AI19=100,0,1+(MIN(0,MAX(-104,AI19))+104)/104*99) -> 0 | AK19: =IF(AI19=100,0,EXP((MIN(0,MAX(-104,AI19))+105)/24)/EXP(105/24)) -> 0 | AL19: 100 | AM19: =IF(AL19=100,0,1+(MIN(0,MAX(-104,AL19))+104)/104*99) -> 0 | AN19: =IF(AL19=100,0,EXP((MIN(0,MAX(-104,AL19))+105)/24)/EXP(105/24)) -> 0 | AO19: 100 | AP19: =IF(AO19=100,0,1+(MIN(0,MAX(-104,AO19))+104)/104*99) -> 0 | AQ19: =IF(AO19=100,0,EXP((MIN(0,MAX(-104,AO19))+105)/24)/EXP(105/24)) -> 0 | AR19: 100 | AS19: =IF(AR19=100,0,1+(MIN(0,MAX(-104,AR19))+104)/104*99) -> 0 | AT19: =IF(AR19=100,0,EXP((MIN(0,MAX(-104,AR19))+105)/24)/EXP(105/24)) -> 0 | AU19: 100 | AV19: =IF(AU19=100,0,1+(MIN(0,MAX(-104,AU19))+104)/104*99) -> 0 | AW19: =IF(AU19=100,0,EXP((MIN(0,MAX(-104,AU19))+105)/24)/EXP(105/24)) -> 0 | AX19: 100 | AY19: =IF(AX19=100,0,1+(MIN(0,MAX(-104,AX19))+104)/104*99) -> 0 | AZ19: =IF(AX19=100,0,EXP((MIN(0,MAX(-104,AX19))+105)/24)/EXP(105/24)) -> 0 | BA19: -85 | BB19: =IF(BA19=100,0,1+(MIN(0,MAX(-104,BA19))+104)/104*99) -> 19.086538 | BC19: =IF(BA19=100,0,EXP((MIN(0,MAX(-104,BA19))+105)/24)/EXP(105/24)) -> 0.028965012 | BD19: 100 | BE19: =IF(BD19=100,0,1+(MIN(0,MAX(-104,BD19))+104)/104*99) -> 0 | BF19: =IF(BD19=100,0,EXP((MIN(0,MAX(-104,BD19))+105)/24)/EXP(105/24)) -> 0 | BG19: 100 | BH19: =IF(BG19=100,0,1+(MIN(0,MAX(-104,BG19))+104)/104*99) -> 0 | BI19: =IF(BG19=100,0,EXP((MIN(0,MAX(-104,BG19))+105)/24)/EXP(105/24)) -> 0 | BJ19: -90 | BK19: =IF(BJ19=100,0,1+(MIN(0,MAX(-104,BJ19))+104)/104*99) -> 14.326923 | BL19: =IF(BJ19=100,0,EXP((MIN(0,MAX(-104,BJ19))+105)/24)/EXP(105/24)) -> 0.023517746 | BM19: 100 | BN19: =IF(BM19=100,0,1+(MIN(0,MAX(-104,BM19))+104)/104*99) -> 0 | BO19: =IF(BM19=100,0,EXP((MIN(0,MAX(-104,BM19))+105)/24)/EXP(105/24)) -> 0
A20: WAP064 | B20: 100 | C20: =IF(B20=100,0,1+(MIN(0,MAX(-104,B20))+104)/104*99) -> 0 | D20: =IF(B20=100,100,MIN(0,MAX(-104,B20+$B$8))) -> 100 | E20: =IF(D20=100,0,EXP((MIN(0,MAX(-104,D20))+105)/24)/EXP(105/24)) -> 0 | F20: =IF(B20=100,100,MIN(0,MAX(-104,B20+$B$9))) -> 100 | G20: =IF(F20=100,0,1+(MIN(0,MAX(-104,F20))+104)/104*99) -> 0 | H20: 100 | I20: =IF(H20=100,0,1+(MIN(0,MAX(-104,H20))+104)/104*99) -> 0 | J20: =IF(H20=100,0,EXP((MIN(0,MAX(-104,H20))+105)/24)/EXP(105/24)) -> 0 | K20: 100 | L20: =IF(K20=100,0,1+(MIN(0,MAX(-104,K20))+104)/104*99) -> 0 | M20: =IF(K20=100,0,EXP((MIN(0,MAX(-104,K20))+105)/24)/EXP(105/24)) -> 0 | N20: 100 | O20: =IF(N20=100,0,1+(MIN(0,MAX(-104,N20))+104)/104*99) -> 0 | P20: =IF(N20=100,0,EXP((MIN(0,MAX(-104,N20))+105)/24)/EXP(105/24)) -> 0 | Q20: -92 | R20: =IF(Q20=100,0,1+(MIN(0,MAX(-104,Q20))+104)/104*99) -> 12.423077 | S20: =IF(Q20=100,0,EXP((MIN(0,MAX(-104,Q20))+105)/24)/EXP(105/24)) -> 0.021637371 | T20: 100 | U20: =IF(T20=100,0,1+(MIN(0,MAX(-104,T20))+104)/104*99) -> 0 | V20: =IF(T20=100,0,EXP((MIN(0,MAX(-104,T20))+105)/24)/EXP(105/24)) -> 0 | W20: 100 | X20: =IF(W20=100,0,1+(MIN(0,MAX(-104,W20))+104)/104*99) -> 0 | Y20: =IF(W20=100,0,EXP((MIN(0,MAX(-104,W20))+105)/24)/EXP(105/24)) -> 0 | Z20: 100 | AA20: =IF(Z20=100,0,1+(MIN(0,MAX(-104,Z20))+104)/104*99) -> 0 | AB20: =IF(Z20=100,0,EXP((MIN(0,MAX(-104,Z20))+105)/24)/EXP(105/24)) -> 0 | AC20: -95 | AD20: =IF(AC20=100,0,1+(MIN(0,MAX(-104,AC20))+104)/104*99) -> 9.5673077 | AE20: =IF(AC20=100,0,EXP((MIN(0,MAX(-104,AC20))+105)/24)/EXP(105/24)) -> 0.019094913 | AF20: -87 | AG20: =IF(AF20=100,0,1+(MIN(0,MAX(-104,AF20))+104)/104*99) -> 17.182692 | AH20: =IF(AF20=100,0,EXP((MIN(0,MAX(-104,AF20))+105)/24)/EXP(105/24)) -> 0.026649097 | AI20: 100 | AJ20: =IF(AI20=100,0,1+(MIN(0,MAX(-104,AI20))+104)/104*99) -> 0 | AK20: =IF(AI20=100,0,EXP((MIN(0,MAX(-104,AI20))+105)/24)/EXP(105/24)) -> 0 | AL20: 100 | AM20: =IF(AL20=100,0,1+(MIN(0,MAX(-104,AL20))+104)/104*99) -> 0 | AN20: =IF(AL20=100,0,EXP((MIN(0,MAX(-104,AL20))+105)/24)/EXP(105/24)) -> 0 | AO20: 100 | AP20: =IF(AO20=100,0,1+(MIN(0,MAX(-104,AO20))+104)/104*99) -> 0 | AQ20: =IF(AO20=100,0,EXP((MIN(0,MAX(-104,AO20))+105)/24)/EXP(105/24)) -> 0 | AR20: 100 | AS20: =IF(AR20=100,0,1+(MIN(0,MAX(-104,AR20))+104)/104*99) -> 0 | AT20: =IF(AR20=100,0,EXP((MIN(0,MAX(-104,AR20))+105)/24)/EXP(105/24)) -> 0 | AU20: -94 | AV20: =IF(AU20=100,0,1+(MIN(0,MAX(-104,AU20))+104)/104*99) -> 10.519231 | AW20: =IF(AU20=100,0,EXP((MIN(0,MAX(-104,AU20))+105)/24)/EXP(105/24)) -> 0.019907342 | AX20: 100 | AY20: =IF(AX20=100,0,1+(MIN(0,MAX(-104,AX20))+104)/104*99) -> 0 | AZ20: =IF(AX20=100,0,EXP((MIN(0,MAX(-104,AX20))+105)/24)/EXP(105/24)) -> 0 | BA20: 100 | BB20: =IF(BA20=100,0,1+(MIN(0,MAX(-104,BA20))+104)/104*99) -> 0 | BC20: =IF(BA20=100,0,EXP((MIN(0,MAX(-104,BA20))+105)/24)/EXP(105/24)) -> 0 | BD20: 100 | BE20: =IF(BD20=100,0,1+(MIN(0,MAX(-104,BD20))+104)/104*99) -> 0 | BF20: =IF(BD20=100,0,EXP((MIN(0,MAX(-104,BD20))+105)/24)/EXP(105/24)) -> 0 | BG20: 100 | BH20: =IF(BG20=100,0,1+(MIN(0,MAX(-104,BG20))+104)/104*99) -> 0 | BI20: =IF(BG20=100,0,EXP((MIN(0,MAX(-104,BG20))+105)/24)/EXP(105/24)) -> 0 | BJ20: -89 | BK20: =IF(BJ20=100,0,1+(MIN(0,MAX(-104,BJ20))+104)/104*99) -> 15.278846 | BL20: =IF(BJ20=100,0,EXP((MIN(0,MAX(-104,BJ20))+105)/24)/EXP(105/24)) -> 0.024518353 | BM20: 100 | BN20: =IF(BM20=100,0,1+(MIN(0,MAX(-104,BM20))+104)/104*99) -> 0 | BO20: =IF(BM20=100,0,EXP((MIN(0,MAX(-104,BM20))+105)/24)/EXP(105/24)) -> 0
A21: WAP065 | B21: 100 | C21: =IF(B21=100,0,1+(MIN(0,MAX(-104,B21))+104)/104*99) -> 0 | D21: =IF(B21=100,100,MIN(0,MAX(-104,B21+$B$8))) -> 100 | E21: =IF(D21=100,0,EXP((MIN(0,MAX(-104,D21))+105)/24)/EXP(105/24)) -> 0 | F21: =IF(B21=100,100,MIN(0,MAX(-104,B21+$B$9))) -> 100 | G21: =IF(F21=100,0,1+(MIN(0,MAX(-104,F21))+104)/104*99) -> 0 | H21: 100 | I21: =IF(H21=100,0,1+(MIN(0,MAX(-104,H21))+104)/104*99) -> 0 | J21: =IF(H21=100,0,EXP((MIN(0,MAX(-104,H21))+105)/24)/EXP(105/24)) -> 0 | K21: 100 | L21: =IF(K21=100,0,1+(MIN(0,MAX(-104,K21))+104)/104*99) -> 0 | M21: =IF(K21=100,0,EXP((MIN(0,MAX(-104,K21))+105)/24)/EXP(105/24)) -> 0 | N21: 100 | O21: =IF(N21=100,0,1+(MIN(0,MAX(-104,N21))+104)/104*99) -> 0 | P21: =IF(N21=100,0,EXP((MIN(0,MAX(-104,N21))+105)/24)/EXP(105/24)) -> 0 | Q21: -89 | R21: =IF(Q21=100,0,1+(MIN(0,MAX(-104,Q21))+104)/104*99) -> 15.278846 | S21: =IF(Q21=100,0,EXP((MIN(0,MAX(-104,Q21))+105)/24)/EXP(105/24)) -> 0.024518353 | T21: -85 | U21: =IF(T21=100,0,1+(MIN(0,MAX(-104,T21))+104)/104*99) -> 19.086538 | V21: =IF(T21=100,0,EXP((MIN(0,MAX(-104,T21))+105)/24)/EXP(105/24)) -> 0.028965012 | W21: 100 | X21: =IF(W21=100,0,1+(MIN(0,MAX(-104,W21))+104)/104*99) -> 0 | Y21: =IF(W21=100,0,EXP((MIN(0,MAX(-104,W21))+105)/24)/EXP(105/24)) -> 0 | Z21: 100 | AA21: =IF(Z21=100,0,1+(MIN(0,MAX(-104,Z21))+104)/104*99) -> 0 | AB21: =IF(Z21=100,0,EXP((MIN(0,MAX(-104,Z21))+105)/24)/EXP(105/24)) -> 0 | AC21: 100 | AD21: =IF(AC21=100,0,1+(MIN(0,MAX(-104,AC21))+104)/104*99) -> 0 | AE21: =IF(AC21=100,0,EXP((MIN(0,MAX(-104,AC21))+105)/24)/EXP(105/24)) -> 0 | AF21: 100 | AG21: =IF(AF21=100,0,1+(MIN(0,MAX(-104,AF21))+104)/104*99) -> 0 | AH21: =IF(AF21=100,0,EXP((MIN(0,MAX(-104,AF21))+105)/24)/EXP(105/24)) -> 0 | AI21: 100 | AJ21: =IF(AI21=100,0,1+(MIN(0,MAX(-104,AI21))+104)/104*99) -> 0 | AK21: =IF(AI21=100,0,EXP((MIN(0,MAX(-104,AI21))+105)/24)/EXP(105/24)) -> 0 | AL21: 100 | AM21: =IF(AL21=100,0,1+(MIN(0,MAX(-104,AL21))+104)/104*99) -> 0 | AN21: =IF(AL21=100,0,EXP((MIN(0,MAX(-104,AL21))+105)/24)/EXP(105/24)) -> 0 | AO21: 100 | AP21: =IF(AO21=100,0,1+(MIN(0,MAX(-104,AO21))+104)/104*99) -> 0 | AQ21: =IF(AO21=100,0,EXP((MIN(0,MAX(-104,AO21))+105)/24)/EXP(105/24)) -> 0 | AR21: 100 | AS21: =IF(AR21=100,0,1+(MIN(0,MAX(-104,AR21))+104)/104*99) -> 0 | AT21: =IF(AR21=100,0,EXP((MIN(0,MAX(-104,AR21))+105)/24)/EXP(105/24)) -> 0 | AU21: -80 | AV21: =IF(AU21=100,0,1+(MIN(0,MAX(-104,AU21))+104)/104*99) -> 23.846154 | AW21: =IF(AU21=100,0,EXP((MIN(0,MAX(-104,AU21))+105)/24)/EXP(105/24)) -> 0.035673993 | AX21: -85 | AY21: =IF(AX21=100,0,1+(MIN(0,MAX(-104,AX21))+104)/104*99) -> 19.086538 | AZ21: =IF(AX21=100,0,EXP((MIN(0,MAX(-104,AX21))+105)/24)/EXP(105/24)) -> 0.028965012 | BA21: 100 | BB21: =IF(BA21=100,0,1+(MIN(0,MAX(-104,BA21))+104)/104*99) -> 0 | BC21: =IF(BA21=100,0,EXP((MIN(0,MAX(-104,BA21))+105)/24)/EXP(105/24)) -> 0 | BD21: 100 | BE21: =IF(BD21=100,0,1+(MIN(0,MAX(-104,BD21))+104)/104*99) -> 0 | BF21: =IF(BD21=100,0,EXP((MIN(0,MAX(-104,BD21))+105)/24)/EXP(105/24)) -> 0 | BG21: 100 | BH21: =IF(BG21=100,0,1+(MIN(0,MAX(-104,BG21))+104)/104*99) -> 0 | BI21: =IF(BG21=100,0,EXP((MIN(0,MAX(-104,BG21))+105)/24)/EXP(105/24)) -> 0 | BJ21: -95 | BK21: =IF(BJ21=100,0,1+(MIN(0,MAX(-104,BJ21))+104)/104*99) -> 9.5673077 | BL21: =IF(BJ21=100,0,EXP((MIN(0,MAX(-104,BJ21))+105)/24)/EXP(105/24)) -> 0.019094913 | BM21: 100 | BN21: =IF(BM21=100,0,1+(MIN(0,MAX(-104,BM21))+104)/104*99) -> 0 | BO21: =IF(BM21=100,0,EXP((MIN(0,MAX(-104,BM21))+105)/24)/EXP(105/24)) -> 0
A22: WAP066 | B22: -88 | C22: =IF(B22=100,0,1+(MIN(0,MAX(-104,B22))+104)/104*99) -> 16.230769 | D22: =IF(B22=100,100,MIN(0,MAX(-104,B22+$B$8))) -> -88 | E22: =IF(D22=100,0,EXP((MIN(0,MAX(-104,D22))+105)/24)/EXP(105/24)) -> 0.025561533 | F22: =IF(B22=100,100,MIN(0,MAX(-104,B22+$B$9))) -> -82 | G22: =IF(F22=100,0,1+(MIN(0,MAX(-104,F22))+104)/104*99) -> 21.942308 | H22: 100 | I22: =IF(H22=100,0,1+(MIN(0,MAX(-104,H22))+104)/104*99) -> 0 | J22: =IF(H22=100,0,EXP((MIN(0,MAX(-104,H22))+105)/24)/EXP(105/24)) -> 0 | K22: -80 | L22: =IF(K22=100,0,1+(MIN(0,MAX(-104,K22))+104)/104*99) -> 23.846154 | M22: =IF(K22=100,0,EXP((MIN(0,MAX(-104,K22))+105)/24)/EXP(105/24)) -> 0.035673993 | N22: -85 | O22: =IF(N22=100,0,1+(MIN(0,MAX(-104,N22))+104)/104*99) -> 19.086538 | P22: =IF(N22=100,0,EXP((MIN(0,MAX(-104,N22))+105)/24)/EXP(105/24)) -> 0.028965012 | Q22: -93 | R22: =IF(Q22=100,0,1+(MIN(0,MAX(-104,Q22))+104)/104*99) -> 11.471154 | S22: =IF(Q22=100,0,EXP((MIN(0,MAX(-104,Q22))+105)/24)/EXP(105/24)) -> 0.020754338 | T22: 100 | U22: =IF(T22=100,0,1+(MIN(0,MAX(-104,T22))+104)/104*99) -> 0 | V22: =IF(T22=100,0,EXP((MIN(0,MAX(-104,T22))+105)/24)/EXP(105/24)) -> 0 | W22: -85 | X22: =IF(W22=100,0,1+(MIN(0,MAX(-104,W22))+104)/104*99) -> 19.086538 | Y22: =IF(W22=100,0,EXP((MIN(0,MAX(-104,W22))+105)/24)/EXP(105/24)) -> 0.028965012 | Z22: 100 | AA22: =IF(Z22=100,0,1+(MIN(0,MAX(-104,Z22))+104)/104*99) -> 0 | AB22: =IF(Z22=100,0,EXP((MIN(0,MAX(-104,Z22))+105)/24)/EXP(105/24)) -> 0 | AC22: 100 | AD22: =IF(AC22=100,0,1+(MIN(0,MAX(-104,AC22))+104)/104*99) -> 0 | AE22: =IF(AC22=100,0,EXP((MIN(0,MAX(-104,AC22))+105)/24)/EXP(105/24)) -> 0 | AF22: -80 | AG22: =IF(AF22=100,0,1+(MIN(0,MAX(-104,AF22))+104)/104*99) -> 23.846154 | AH22: =IF(AF22=100,0,EXP((MIN(0,MAX(-104,AF22))+105)/24)/EXP(105/24)) -> 0.035673993 | AI22: 100 | AJ22: =IF(AI22=100,0,1+(MIN(0,MAX(-104,AI22))+104)/104*99) -> 0 | AK22: =IF(AI22=100,0,EXP((MIN(0,MAX(-104,AI22))+105)/24)/EXP(105/24)) -> 0 | AL22: 100 | AM22: =IF(AL22=100,0,1+(MIN(0,MAX(-104,AL22))+104)/104*99) -> 0 | AN22: =IF(AL22=100,0,EXP((MIN(0,MAX(-104,AL22))+105)/24)/EXP(105/24)) -> 0 | AO22: 100 | AP22: =IF(AO22=100,0,1+(MIN(0,MAX(-104,AO22))+104)/104*99) -> 0 | AQ22: =IF(AO22=100,0,EXP((MIN(0,MAX(-104,AO22))+105)/24)/EXP(105/24)) -> 0 | AR22: -81 | AS22: =IF(AR22=100,0,1+(MIN(0,MAX(-104,AR22))+104)/104*99) -> 22.894231 | AT22: =IF(AR22=100,0,EXP((MIN(0,MAX(-104,AR22))+105)/24)/EXP(105/24)) -> 0.034218118 | AU22: -80 | AV22: =IF(AU22=100,0,1+(MIN(0,MAX(-104,AU22))+104)/104*99) -> 23.846154 | AW22: =IF(AU22=100,0,EXP((MIN(0,MAX(-104,AU22))+105)/24)/EXP(105/24)) -> 0.035673993 | AX22: -82 | AY22: =IF(AX22=100,0,1+(MIN(0,MAX(-104,AX22))+104)/104*99) -> 21.942308 | AZ22: =IF(AX22=100,0,EXP((MIN(0,MAX(-104,AX22))+105)/24)/EXP(105/24)) -> 0.032821658 | BA22: 100 | BB22: =IF(BA22=100,0,1+(MIN(0,MAX(-104,BA22))+104)/104*99) -> 0 | BC22: =IF(BA22=100,0,EXP((MIN(0,MAX(-104,BA22))+105)/24)/EXP(105/24)) -> 0 | BD22: -83 | BE22: =IF(BD22=100,0,1+(MIN(0,MAX(-104,BD22))+104)/104*99) -> 20.990385 | BF22: =IF(BD22=100,0,EXP((MIN(0,MAX(-104,BD22))+105)/24)/EXP(105/24)) -> 0.031482189 | BG22: 100 | BH22: =IF(BG22=100,0,1+(MIN(0,MAX(-104,BG22))+104)/104*99) -> 0 | BI22: =IF(BG22=100,0,EXP((MIN(0,MAX(-104,BG22))+105)/24)/EXP(105/24)) -> 0 | BJ22: -96 | BK22: =IF(BJ22=100,0,1+(MIN(0,MAX(-104,BJ22))+104)/104*99) -> 8.6153846 | BL22: =IF(BJ22=100,0,EXP((MIN(0,MAX(-104,BJ22))+105)/24)/EXP(105/24)) -> 0.018315639 | BM22: 100 | BN22: =IF(BM22=100,0,1+(MIN(0,MAX(-104,BM22))+104)/104*99) -> 0 | BO22: =IF(BM22=100,0,EXP((MIN(0,MAX(-104,BM22))+105)/24)/EXP(105/24)) -> 0
A23: WAP067 | B23: 100 | C23: =IF(B23=100,0,1+(MIN(0,MAX(-104,B23))+104)/104*99) -> 0 | D23: =IF(B23=100,100,MIN(0,MAX(-104,B23+$B$8))) -> 100 | E23: =IF(D23=100,0,EXP((MIN(0,MAX(-104,D23))+105)/24)/EXP(105/24)) -> 0 | F23: =IF(B23=100,100,MIN(0,MAX(-104,B23+$B$9))) -> 100 | G23: =IF(F23=100,0,1+(MIN(0,MAX(-104,F23))+104)/104*99) -> 0 | H23: 100 | I23: =IF(H23=100,0,1+(MIN(0,MAX(-104,H23))+104)/104*99) -> 0 | J23: =IF(H23=100,0,EXP((MIN(0,MAX(-104,H23))+105)/24)/EXP(105/24)) -> 0 | K23: 100 | L23: =IF(K23=100,0,1+(MIN(0,MAX(-104,K23))+104)/104*99) -> 0 | M23: =IF(K23=100,0,EXP((MIN(0,MAX(-104,K23))+105)/24)/EXP(105/24)) -> 0 | N23: 100 | O23: =IF(N23=100,0,1+(MIN(0,MAX(-104,N23))+104)/104*99) -> 0 | P23: =IF(N23=100,0,EXP((MIN(0,MAX(-104,N23))+105)/24)/EXP(105/24)) -> 0 | Q23: 100 | R23: =IF(Q23=100,0,1+(MIN(0,MAX(-104,Q23))+104)/104*99) -> 0 | S23: =IF(Q23=100,0,EXP((MIN(0,MAX(-104,Q23))+105)/24)/EXP(105/24)) -> 0 | T23: 100 | U23: =IF(T23=100,0,1+(MIN(0,MAX(-104,T23))+104)/104*99) -> 0 | V23: =IF(T23=100,0,EXP((MIN(0,MAX(-104,T23))+105)/24)/EXP(105/24)) -> 0 | W23: 100 | X23: =IF(W23=100,0,1+(MIN(0,MAX(-104,W23))+104)/104*99) -> 0 | Y23: =IF(W23=100,0,EXP((MIN(0,MAX(-104,W23))+105)/24)/EXP(105/24)) -> 0 | Z23: 100 | AA23: =IF(Z23=100,0,1+(MIN(0,MAX(-104,Z23))+104)/104*99) -> 0 | AB23: =IF(Z23=100,0,EXP((MIN(0,MAX(-104,Z23))+105)/24)/EXP(105/24)) -> 0 | AC23: 100 | AD23: =IF(AC23=100,0,1+(MIN(0,MAX(-104,AC23))+104)/104*99) -> 0 | AE23: =IF(AC23=100,0,EXP((MIN(0,MAX(-104,AC23))+105)/24)/EXP(105/24)) -> 0 | AF23: 100 | AG23: =IF(AF23=100,0,1+(MIN(0,MAX(-104,AF23))+104)/104*99) -> 0 | AH23: =IF(AF23=100,0,EXP((MIN(0,MAX(-104,AF23))+105)/24)/EXP(105/24)) -> 0 | AI23: 100 | AJ23: =IF(AI23=100,0,1+(MIN(0,MAX(-104,AI23))+104)/104*99) -> 0 | AK23: =IF(AI23=100,0,EXP((MIN(0,MAX(-104,AI23))+105)/24)/EXP(105/24)) -> 0 | AL23: 100 | AM23: =IF(AL23=100,0,1+(MIN(0,MAX(-104,AL23))+104)/104*99) -> 0 | AN23: =IF(AL23=100,0,EXP((MIN(0,MAX(-104,AL23))+105)/24)/EXP(105/24)) -> 0 | AO23: 100 | AP23: =IF(AO23=100,0,1+(MIN(0,MAX(-104,AO23))+104)/104*99) -> 0 | AQ23: =IF(AO23=100,0,EXP((MIN(0,MAX(-104,AO23))+105)/24)/EXP(105/24)) -> 0 | AR23: -88 | AS23: =IF(AR23=100,0,1+(MIN(0,MAX(-104,AR23))+104)/104*99) -> 16.230769 | AT23: =IF(AR23=100,0,EXP((MIN(0,MAX(-104,AR23))+105)/24)/EXP(105/24)) -> 0.025561533 | AU23: 100 | AV23: =IF(AU23=100,0,1+(MIN(0,MAX(-104,AU23))+104)/104*99) -> 0 | AW23: =IF(AU23=100,0,EXP((MIN(0,MAX(-104,AU23))+105)/24)/EXP(105/24)) -> 0 | AX23: 100 | AY23: =IF(AX23=100,0,1+(MIN(0,MAX(-104,AX23))+104)/104*99) -> 0 | AZ23: =IF(AX23=100,0,EXP((MIN(0,MAX(-104,AX23))+105)/24)/EXP(105/24)) -> 0 | BA23: 100 | BB23: =IF(BA23=100,0,1+(MIN(0,MAX(-104,BA23))+104)/104*99) -> 0 | BC23: =IF(BA23=100,0,EXP((MIN(0,MAX(-104,BA23))+105)/24)/EXP(105/24)) -> 0 | BD23: 100 | BE23: =IF(BD23=100,0,1+(MIN(0,MAX(-104,BD23))+104)/104*99) -> 0 | BF23: =IF(BD23=100,0,EXP((MIN(0,MAX(-104,BD23))+105)/24)/EXP(105/24)) -> 0 | BG23: 100 | BH23: =IF(BG23=100,0,1+(MIN(0,MAX(-104,BG23))+104)/104*99) -> 0 | BI23: =IF(BG23=100,0,EXP((MIN(0,MAX(-104,BG23))+105)/24)/EXP(105/24)) -> 0 | BJ23: -89 | BK23: =IF(BJ23=100,0,1+(MIN(0,MAX(-104,BJ23))+104)/104*99) -> 15.278846 | BL23: =IF(BJ23=100,0,EXP((MIN(0,MAX(-104,BJ23))+105)/24)/EXP(105/24)) -> 0.024518353 | BM23: 100 | BN23: =IF(BM23=100,0,1+(MIN(0,MAX(-104,BM23))+104)/104*99) -> 0 | BO23: =IF(BM23=100,0,EXP((MIN(0,MAX(-104,BM23))+105)/24)/EXP(105/24)) -> 0
A24: WAP068 | B24: 100 | C24: =IF(B24=100,0,1+(MIN(0,MAX(-104,B24))+104)/104*99) -> 0 | D24: =IF(B24=100,100,MIN(0,MAX(-104,B24+$B$8))) -> 100 | E24: =IF(D24=100,0,EXP((MIN(0,MAX(-104,D24))+105)/24)/EXP(105/24)) -> 0 | F24: =IF(B24=100,100,MIN(0,MAX(-104,B24+$B$9))) -> 100 | G24: =IF(F24=100,0,1+(MIN(0,MAX(-104,F24))+104)/104*99) -> 0 | H24: 100 | I24: =IF(H24=100,0,1+(MIN(0,MAX(-104,H24))+104)/104*99) -> 0 | J24: =IF(H24=100,0,EXP((MIN(0,MAX(-104,H24))+105)/24)/EXP(105/24)) -> 0 | K24: 100 | L24: =IF(K24=100,0,1+(MIN(0,MAX(-104,K24))+104)/104*99) -> 0 | M24: =IF(K24=100,0,EXP((MIN(0,MAX(-104,K24))+105)/24)/EXP(105/24)) -> 0 | N24: 100 | O24: =IF(N24=100,0,1+(MIN(0,MAX(-104,N24))+104)/104*99) -> 0 | P24: =IF(N24=100,0,EXP((MIN(0,MAX(-104,N24))+105)/24)/EXP(105/24)) -> 0 | Q24: 100 | R24: =IF(Q24=100,0,1+(MIN(0,MAX(-104,Q24))+104)/104*99) -> 0 | S24: =IF(Q24=100,0,EXP((MIN(0,MAX(-104,Q24))+105)/24)/EXP(105/24)) -> 0 | T24: 100 | U24: =IF(T24=100,0,1+(MIN(0,MAX(-104,T24))+104)/104*99) -> 0 | V24: =IF(T24=100,0,EXP((MIN(0,MAX(-104,T24))+105)/24)/EXP(105/24)) -> 0 | W24: 100 | X24: =IF(W24=100,0,1+(MIN(0,MAX(-104,W24))+104)/104*99) -> 0 | Y24: =IF(W24=100,0,EXP((MIN(0,MAX(-104,W24))+105)/24)/EXP(105/24)) -> 0 | Z24: 100 | AA24: =IF(Z24=100,0,1+(MIN(0,MAX(-104,Z24))+104)/104*99) -> 0 | AB24: =IF(Z24=100,0,EXP((MIN(0,MAX(-104,Z24))+105)/24)/EXP(105/24)) -> 0 | AC24: 100 | AD24: =IF(AC24=100,0,1+(MIN(0,MAX(-104,AC24))+104)/104*99) -> 0 | AE24: =IF(AC24=100,0,EXP((MIN(0,MAX(-104,AC24))+105)/24)/EXP(105/24)) -> 0 | AF24: 100 | AG24: =IF(AF24=100,0,1+(MIN(0,MAX(-104,AF24))+104)/104*99) -> 0 | AH24: =IF(AF24=100,0,EXP((MIN(0,MAX(-104,AF24))+105)/24)/EXP(105/24)) -> 0 | AI24: 100 | AJ24: =IF(AI24=100,0,1+(MIN(0,MAX(-104,AI24))+104)/104*99) -> 0 | AK24: =IF(AI24=100,0,EXP((MIN(0,MAX(-104,AI24))+105)/24)/EXP(105/24)) -> 0 | AL24: 100 | AM24: =IF(AL24=100,0,1+(MIN(0,MAX(-104,AL24))+104)/104*99) -> 0 | AN24: =IF(AL24=100,0,EXP((MIN(0,MAX(-104,AL24))+105)/24)/EXP(105/24)) -> 0 | AO24: 100 | AP24: =IF(AO24=100,0,1+(MIN(0,MAX(-104,AO24))+104)/104*99) -> 0 | AQ24: =IF(AO24=100,0,EXP((MIN(0,MAX(-104,AO24))+105)/24)/EXP(105/24)) -> 0 | AR24: 100 | AS24: =IF(AR24=100,0,1+(MIN(0,MAX(-104,AR24))+104)/104*99) -> 0 | AT24: =IF(AR24=100,0,EXP((MIN(0,MAX(-104,AR24))+105)/24)/EXP(105/24)) -> 0 | AU24: 100 | AV24: =IF(AU24=100,0,1+(MIN(0,MAX(-104,AU24))+104)/104*99) -> 0 | AW24: =IF(AU24=100,0,EXP((MIN(0,MAX(-104,AU24))+105)/24)/EXP(105/24)) -> 0 | AX24: 100 | AY24: =IF(AX24=100,0,1+(MIN(0,MAX(-104,AX24))+104)/104*99) -> 0 | AZ24: =IF(AX24=100,0,EXP((MIN(0,MAX(-104,AX24))+105)/24)/EXP(105/24)) -> 0 | BA24: 100 | BB24: =IF(BA24=100,0,1+(MIN(0,MAX(-104,BA24))+104)/104*99) -> 0 | BC24: =IF(BA24=100,0,EXP((MIN(0,MAX(-104,BA24))+105)/24)/EXP(105/24)) -> 0 | BD24: 100 | BE24: =IF(BD24=100,0,1+(MIN(0,MAX(-104,BD24))+104)/104*99) -> 0 | BF24: =IF(BD24=100,0,EXP((MIN(0,MAX(-104,BD24))+105)/24)/EXP(105/24)) -> 0 | BG24: 100 | BH24: =IF(BG24=100,0,1+(MIN(0,MAX(-104,BG24))+104)/104*99) -> 0 | BI24: =IF(BG24=100,0,EXP((MIN(0,MAX(-104,BG24))+105)/24)/EXP(105/24)) -> 0 | BJ24: -91 | BK24: =IF(BJ24=100,0,1+(MIN(0,MAX(-104,BJ24))+104)/104*99) -> 13.375 | BL24: =IF(BJ24=100,0,EXP((MIN(0,MAX(-104,BJ24))+105)/24)/EXP(105/24)) -> 0.022557974 | BM24: 100 | BN24: =IF(BM24=100,0,1+(MIN(0,MAX(-104,BM24))+104)/104*99) -> 0 | BO24: =IF(BM24=100,0,EXP((MIN(0,MAX(-104,BM24))+105)/24)/EXP(105/24)) -> 0
... A71: WAP517 | B71: 100 | C71: =IF(B71=100,0,1+(MIN(0,MAX(-104,B71))+104)/104*99) -> 0 | D71: =IF(B71=100,100,MIN(0,MAX(-104,B71+$B$8))) -> 100 | E71: =IF(D71=100,0,EXP((MIN(0,MAX(-104,D71))+105)/24)/EXP(105/24)) -> 0 | F71: =IF(B71=100,100,MIN(0,MAX(-104,B71+$B$9))) -> 100 | G71: =IF(F71=100,0,1+(MIN(0,MAX(-104,F71))+104)/104*99) -> 0 | H71: 100 | I71: =IF(H71=100,0,1+(MIN(0,MAX(-104,H71))+104)/104*99) -> 0 | J71: =IF(H71=100,0,EXP((MIN(0,MAX(-104,H71))+105)/24)/EXP(105/24)) -> 0 | K71: -73 | L71: =IF(K71=100,0,1+(MIN(0,MAX(-104,K71))+104)/104*99) -> 30.509615 | M71: =IF(K71=100,0,EXP((MIN(0,MAX(-104,K71))+105)/24)/EXP(105/24)) -> 0.047755231 | N71: 100 | O71: =IF(N71=100,0,1+(MIN(0,MAX(-104,N71))+104)/104*99) -> 0 | P71: =IF(N71=100,0,EXP((MIN(0,MAX(-104,N71))+105)/24)/EXP(105/24)) -> 0 | Q71: 100 | R71: =IF(Q71=100,0,1+(MIN(0,MAX(-104,Q71))+104)/104*99) -> 0 | S71: =IF(Q71=100,0,EXP((MIN(0,MAX(-104,Q71))+105)/24)/EXP(105/24)) -> 0 | T71: 100 | U71: =IF(T71=100,0,1+(MIN(0,MAX(-104,T71))+104)/104*99) -> 0 | V71: =IF(T71=100,0,EXP((MIN(0,MAX(-104,T71))+105)/24)/EXP(105/24)) -> 0 | W71: 100 | X71: =IF(W71=100,0,1+(MIN(0,MAX(-104,W71))+104)/104*99) -> 0 | Y71: =IF(W71=100,0,EXP((MIN(0,MAX(-104,W71))+105)/24)/EXP(105/24)) -> 0 | Z71: -73 | AA71: =IF(Z71=100,0,1+(MIN(0,MAX(-104,Z71))+104)/104*99) -> 30.509615 | AB71: =IF(Z71=100,0,EXP((MIN(0,MAX(-104,Z71))+105)/24)/EXP(105/24)) -> 0.047755231 | AC71: -67 | AD71: =IF(AC71=100,0,1+(MIN(0,MAX(-104,AC71))+104)/104*99) -> 36.221154 | AE71: =IF(AC71=100,0,EXP((MIN(0,MAX(-104,AC71))+105)/24)/EXP(105/24)) -> 0.06131893 | AF71: -65 | AG71: =IF(AF71=100,0,1+(MIN(0,MAX(-104,AF71))+104)/104*99) -> 38.125 | AH71: =IF(AF71=100,0,EXP((MIN(0,MAX(-104,AF71))+105)/24)/EXP(105/24)) -> 0.066647794 | AI71: 100 | AJ71: =IF(AI71=100,0,1+(MIN(0,MAX(-104,AI71))+104)/104*99) -> 0 | AK71: =IF(AI71=100,0,EXP((MIN(0,MAX(-104,AI71))+105)/24)/EXP(105/24)) -> 0 | AL71: 100 | AM71: =IF(AL71=100,0,1+(MIN(0,MAX(-104,AL71))+104)/104*99) -> 0 | AN71: =IF(AL71=100,0,EXP((MIN(0,MAX(-104,AL71))+105)/24)/EXP(105/24)) -> 0 | AO71: 100 | AP71: =IF(AO71=100,0,1+(MIN(0,MAX(-104,AO71))+104)/104*99) -> 0 | AQ71: =IF(AO71=100,0,EXP((MIN(0,MAX(-104,AO71))+105)/24)/EXP(105/24)) -> 0 | AR71: 100 | AS71: =IF(AR71=100,0,1+(MIN(0,MAX(-104,AR71))+104)/104*99) -> 0 | AT71: =IF(AR71=100,0,EXP((MIN(0,MAX(-104,AR71))+105)/24)/EXP(105/24)) -> 0 | AU71: -62 | AV71: =IF(AU71=100,0,1+(MIN(0,MAX(-104,AU71))+104)/104*99) -> 40.980769 | AW71: =IF(AU71=100,0,EXP((MIN(0,MAX(-104,AU71))+105)/24)/EXP(105/24)) -> 0.075521845 | AX71: -73 | AY71: =IF(AX71=100,0,1+(MIN(0,MAX(-104,AX71))+104)/104*99) -> 30.509615 | AZ71: =IF(AX71=100,0,EXP((MIN(0,MAX(-104,AX71))+105)/24)/EXP(105/24)) -> 0.047755231 | BA71: -64 | BB71: =IF(BA71=100,0,1+(MIN(0,MAX(-104,BA71))+104)/104*99) -> 39.076923 | BC71: =IF(BA71=100,0,EXP((MIN(0,MAX(-104,BA71))+105)/24)/EXP(105/24)) -> 0.069483451 | BD71: -65 | BE71: =IF(BD71=100,0,1+(MIN(0,MAX(-104,BD71))+104)/104*99) -> 38.125 | BF71: =IF(BD71=100,0,EXP((MIN(0,MAX(-104,BD71))+105)/24)/EXP(105/24)) -> 0.066647794 | BG71: -67 | BH71: =IF(BG71=100,0,1+(MIN(0,MAX(-104,BG71))+104)/104*99) -> 36.221154 | BI71: =IF(BG71=100,0,EXP((MIN(0,MAX(-104,BG71))+105)/24)/EXP(105/24)) -> 0.06131893 | BJ71: 100 | BK71: =IF(BJ71=100,0,1+(MIN(0,MAX(-104,BJ71))+104)/104*99) -> 0 | BL71: =IF(BJ71=100,0,EXP((MIN(0,MAX(-104,BJ71))+105)/24)/EXP(105/24)) -> 0 | BM71: -74 | BN71: =IF(BM71=100,0,1+(MIN(0,MAX(-104,BM71))+104)/104*99) -> 29.557692 | BO71: =IF(BM71=100,0,EXP((MIN(0,MAX(-104,BM71))+105)/24)/EXP(105/24)) -> 0.045806314
A73: Dòng trong trainingData.csv | H73: 3514 | K73: 4206 | N73: 18952 | Q73: 4349 | T73: 18764 | W73: 18860 | Z73: 19033 | AC73: 4066 | AF73: 4483 | AI73: 3934 | AL73: 19134 | AO73: 19227 | AR73: 3927 | AU73: 4345 | AX73: 18944 | BA73: 18863 | BD73: 3790 | BG73: 19125 | BJ73: 18839 | BM73: 12464
A74: Tòa nhà | H74: 2 | K74: 2 | N74: 2 | Q74: 2 | T74: 2 | W74: 2 | Z74: 2 | AC74: 2 | AF74: 2 | AI74: 2 | AL74: 2 | AO74: 2 | AR74: 2 | AU74: 2 | AX74: 2 | BA74: 2 | BD74: 2 | BG74: 2 | BJ74: 2 | BM74: 2
A75: Tầng | H75: 1 | K75: 1 | N75: 1 | Q75: 1 | T75: 1 | W75: 1 | Z75: 1 | AC75: 1 | AF75: 1 | AI75: 1 | AL75: 1 | AO75: 1 | AR75: 1 | AU75: 1 | AX75: 1 | BA75: 1 | BD75: 1 | BG75: 1 | BJ75: 0 | BM75: 4
A76: x | H76: -7353.7234 | K76: -7352.5203 | N76: -7352.3488 | Q76: -7359.3311 | T76: -7352.3488 | W76: -7352.3488 | Z76: -7355.5023 | AC76: -7353.7234 | AF76: -7352.5203 | AI76: -7353.7234 | AL76: -7353.4661 | AO76: -7353.4661 | AR76: -7352.5203 | AU76: -7352.5203 | AX76: -7355.5023 | BA76: -7349.546 | BD76: -7352.5203 | BG76: -7355.5023 | BJ76: -7329.4037 | BM76: -7359.3311
A77: y | H77: 4864834.2 | K77: 4864833.5 | N77: 4864838 | Q77: 4864837.3 | T77: 4864838 | W77: 4864838 | Z77: 4864846 | AC77: 4864834.2 | AF77: 4864833.5 | AI77: 4864834.2 | AL77: 4864841 | AO77: 4864841 | AR77: 4864833.5 | AU77: 4864833.5 | AX77: 4864846 | BA77: 4864836.4 | BD77: 4864833.5 | BG77: 4864846 | BJ77: 4864820.7 | BM77: 4864837.3
A78: Manhattan với truy vấn positive (mô hình cũ) | H78: =SUMPRODUCT(ABS($C$13:$C$71-I13:I71)) -> 195.52885 | K78: =SUMPRODUCT(ABS($C$13:$C$71-L13:L71)) -> 261.25962 | N78: =SUMPRODUCT(ABS($C$13:$C$71-O13:O71)) -> 261.30769 | Q78: =SUMPRODUCT(ABS($C$13:$C$71-R13:R71)) -> 238.41346 | T78: =SUMPRODUCT(ABS($C$13:$C$71-U13:U71)) -> 274.73077 | W78: =SUMPRODUCT(ABS($C$13:$C$71-X13:X71)) -> 266.06731 | Z78: =SUMPRODUCT(ABS($C$13:$C$71-AA13:AA71)) -> 238.26923 | AC78: =SUMPRODUCT(ABS($C$13:$C$71-AD13:AD71)) -> 240.36538 | AF78: =SUMPRODUCT(ABS($C$13:$C$71-AG13:AG71)) -> 283.10577 | AI78: =SUMPRODUCT(ABS($C$13:$C$71-AJ13:AJ71)) -> 230.84615 | AL78: =SUMPRODUCT(ABS($C$13:$C$71-AM13:AM71)) -> 259.30769 | AO78: =SUMPRODUCT(ABS($C$13:$C$71-AP13:AP71)) -> 240.22115 | AR78: =SUMPRODUCT(ABS($C$13:$C$71-AS13:AS71)) -> 303.24038 | AU78: =SUMPRODUCT(ABS($C$13:$C$71-AV13:AV71)) -> 323.23077 | AX78: =SUMPRODUCT(ABS($C$13:$C$71-AY13:AY71)) -> 315.51923 | BA78: =SUMPRODUCT(ABS($C$13:$C$71-BB13:BB71)) -> 317.51923 | BD78: =SUMPRODUCT(ABS($C$13:$C$71-BE13:BE71)) -> 323.18269 | BG78: =SUMPRODUCT(ABS($C$13:$C$71-BH13:BH71)) -> 264.01923 | BJ78: =SUMPRODUCT(ABS($C$13:$C$71-BK13:BK71)) -> 607.33654 | BM78: =SUMPRODUCT(ABS($C$13:$C$71-BN13:BN71)) -> 818.14423
A79: Hạng Manhattan | H79: =RANK(H78,$H$78:$BM$78,1) -> 1 | K79: =RANK(K78,$H$78:$BM$78,1) -> 8 | N79: =RANK(N78,$H$78:$BM$78,1) -> 9 | Q79: =RANK(Q78,$H$78:$BM$78,1) -> 4 | T79: =RANK(T78,$H$78:$BM$78,1) -> 12 | W79: =RANK(W78,$H$78:$BM$78,1) -> 11 | Z79: =RANK(Z78,$H$78:$BM$78,1) -> 3 | AC79: =RANK(AC78,$H$78:$BM$78,1) -> 6 | AF79: =RANK(AF78,$H$78:$BM$78,1) -> 13 | AI79: =RANK(AI78,$H$78:$BM$78,1) -> 2 | AL79: =RANK(AL78,$H$78:$BM$78,1) -> 7 | AO79: =RANK(AO78,$H$78:$BM$78,1) -> 5 | AR79: =RANK(AR78,$H$78:$BM$78,1) -> 14 | AU79: =RANK(AU78,$H$78:$BM$78,1) -> 18 | AX79: =RANK(AX78,$H$78:$BM$78,1) -> 15 | BA79: =RANK(BA78,$H$78:$BM$78,1) -> 16 | BD79: =RANK(BD78,$H$78:$BM$78,1) -> 17 | BG79: =RANK(BG78,$H$78:$BM$78,1) -> 10 | BJ79: =RANK(BJ78,$H$78:$BM$78,1) -> 19 | BM79: =RANK(BM78,$H$78:$BM$78,1) -> 20
A80: Bray-Curtis member 1 (exponential, truy vấn dịch δ1) | H80: =SUMPRODUCT(ABS($E$13:$E$71-J13:J71))/SUMPRODUCT($E$13:$E$71+J13:J71) -> 0.22368703 | K80: =SUMPRODUCT(ABS($E$13:$E$71-M13:M71))/SUMPRODUCT($E$13:$E$71+M13:M71) -> 0.25380298 | N80: =SUMPRODUCT(ABS($E$13:$E$71-P13:P71))/SUMPRODUCT($E$13:$E$71+P13:P71) -> 0.25472859 | Q80: =SUMPRODUCT(ABS($E$13:$E$71-S13:S71))/SUMPRODUCT($E$13:$E$71+S13:S71) -> 0.2593788 | T80: =SUMPRODUCT(ABS($E$13:$E$71-V13:V71))/SUMPRODUCT($E$13:$E$71+V13:V71) -> 0.26486579 | W80: =SUMPRODUCT(ABS($E$13:$E$71-Y13:Y71))/SUMPRODUCT($E$13:$E$71+Y13:Y71) -> 0.26846926 | Z80: =SUMPRODUCT(ABS($E$13:$E$71-AB13:AB71))/SUMPRODUCT($E$13:$E$71+AB13:AB71) -> 0.27402956 | AC80: =SUMPRODUCT(ABS($E$13:$E$71-AE13:AE71))/SUMPRODUCT($E$13:$E$71+AE13:AE71) -> 0.27694913 | AF80: =SUMPRODUCT(ABS($E$13:$E$71-AH13:AH71))/SUMPRODUCT($E$13:$E$71+AH13:AH71) -> 0.27964648 | AI80: =SUMPRODUCT(ABS($E$13:$E$71-AK13:AK71))/SUMPRODUCT($E$13:$E$71+AK13:AK71) -> 0.28025463 | AL80: =SUMPRODUCT(ABS($E$13:$E$71-AN13:AN71))/SUMPRODUCT($E$13:$E$71+AN13:AN71) -> 0.28915413 | AO80: =SUMPRODUCT(ABS($E$13:$E$71-AQ13:AQ71))/SUMPRODUCT($E$13:$E$71+AQ13:AQ71) -> 0.28977215 | AR80: =SUMPRODUCT(ABS($E$13:$E$71-AT13:AT71))/SUMPRODUCT($E$13:$E$71+AT13:AT71) -> 0.29282023 | AU80: =SUMPRODUCT(ABS($E$13:$E$71-AW13:AW71))/SUMPRODUCT($E$13:$E$71+AW13:AW71) -> 0.29828981 | AX80: =SUMPRODUCT(ABS($E$13:$E$71-AZ13:AZ71))/SUMPRODUCT($E$13:$E$71+AZ13:AZ71) -> 0.30184132 | BA80: =SUMPRODUCT(ABS($E$13:$E$71-BC13:BC71))/SUMPRODUCT($E$13:$E$71+BC13:BC71) -> 0.30624934 | BD80: =SUMPRODUCT(ABS($E$13:$E$71-BF13:BF71))/SUMPRODUCT($E$13:$E$71+BF13:BF71) -> 0.30965544 | BG80: =SUMPRODUCT(ABS($E$13:$E$71-BI13:BI71))/SUMPRODUCT($E$13:$E$71+BI13:BI71) -> 0.29273462 | BJ80: =SUMPRODUCT(ABS($E$13:$E$71-BL13:BL71))/SUMPRODUCT($E$13:$E$71+BL13:BL71) -> 0.65155082 | BM80: =SUMPRODUCT(ABS($E$13:$E$71-BO13:BO71))/SUMPRODUCT($E$13:$E$71+BO13:BO71) -> 0.87544482
A81: Hạng Bray-Curtis member 1 | H81: =RANK(H80,$H$80:$BM$80,1) -> 1 | K81: =RANK(K80,$H$80:$BM$80,1) -> 2 | N81: =RANK(N80,$H$80:$BM$80,1) -> 3 | Q81: =RANK(Q80,$H$80:$BM$80,1) -> 4 | T81: =RANK(T80,$H$80:$BM$80,1) -> 5 | W81: =RANK(W80,$H$80:$BM$80,1) -> 6 | Z81: =RANK(Z80,$H$80:$BM$80,1) -> 7 | AC81: =RANK(AC80,$H$80:$BM$80,1) -> 8 | AF81: =RANK(AF80,$H$80:$BM$80,1) -> 9 | AI81: =RANK(AI80,$H$80:$BM$80,1) -> 10 | AL81: =RANK(AL80,$H$80:$BM$80,1) -> 11 | AO81: =RANK(AO80,$H$80:$BM$80,1) -> 12 | AR81: =RANK(AR80,$H$80:$BM$80,1) -> 14 | AU81: =RANK(AU80,$H$80:$BM$80,1) -> 15 | AX81: =RANK(AX80,$H$80:$BM$80,1) -> 16 | BA81: =RANK(BA80,$H$80:$BM$80,1) -> 17 | BD81: =RANK(BD80,$H$80:$BM$80,1) -> 18 | BG81: =RANK(BG80,$H$80:$BM$80,1) -> 13 | BJ81: =RANK(BJ80,$H$80:$BM$80,1) -> 19 | BM81: =RANK(BM80,$H$80:$BM$80,1) -> 20
A82: Trọng số member 1 = 1/d^p nếu hạng <= k | H82: =IF(H81<=$B$5,1/MAX(H80,0.000000001)^$B$6,0) -> 399.42639 | K82: =IF(K81<=$B$5,1/MAX(K80,0.000000001)^$B$6,0) -> 240.99781 | N82: =IF(N81<=$B$5,1/MAX(N80,0.000000001)^$B$6,0) -> 237.514 | Q82: =IF(Q81<=$B$5,1/MAX(Q80,0.000000001)^$B$6,0) -> 220.93378 | T82: =IF(T81<=$B$5,1/MAX(T80,0.000000001)^$B$6,0) -> 203.18728 | W82: =IF(W81<=$B$5,1/MAX(W80,0.000000001)^$B$6,0) -> 192.49602 | Z82: =IF(Z81<=$B$5,1/MAX(Z80,0.000000001)^$B$6,0) -> 177.34149 | AC82: =IF(AC81<=$B$5,1/MAX(AC80,0.000000001)^$B$6,0) -> 169.98083 | AF82: =IF(AF81<=$B$5,1/MAX(AF80,0.000000001)^$B$6,0) -> 163.51687 | AI82: =IF(AI81<=$B$5,1/MAX(AI80,0.000000001)^$B$6,0) -> 162.10217 | AL82: =IF(AL81<=$B$5,1/MAX(AL80,0.000000001)^$B$6,0) -> 143.04821 | AO82: =IF(AO81<=$B$5,1/MAX(AO80,0.000000001)^$B$6,0) -> 141.83174 | AR82: =IF(AR81<=$B$5,1/MAX(AR80,0.000000001)^$B$6,0) -> 0 | AU82: =IF(AU81<=$B$5,1/MAX(AU80,0.000000001)^$B$6,0) -> 0 | AX82: =IF(AX81<=$B$5,1/MAX(AX80,0.000000001)^$B$6,0) -> 0 | BA82: =IF(BA81<=$B$5,1/MAX(BA80,0.000000001)^$B$6,0) -> 0 | BD82: =IF(BD81<=$B$5,1/MAX(BD80,0.000000001)^$B$6,0) -> 0 | BG82: =IF(BG81<=$B$5,1/MAX(BG80,0.000000001)^$B$6,0) -> 0 | BJ82: =IF(BJ81<=$B$5,1/MAX(BJ80,0.000000001)^$B$6,0) -> 0 | BM82: =IF(BM81<=$B$5,1/MAX(BM80,0.000000001)^$B$6,0) -> 0
A83: Trọng số chuẩn hoá member 1 | H83: =H82/SUM($H$82:$BM$82) -> 0.16287319 | K83: =K82/SUM($H$82:$BM$82) -> 0.098271128 | N83: =N82/SUM($H$82:$BM$82) -> 0.096850541 | Q83: =Q82/SUM($H$82:$BM$82) -> 0.090089661 | T83: =T82/SUM($H$82:$BM$82) -> 0.082853215 | W83: =W82/SUM($H$82:$BM$82) -> 0.078493663 | Z83: =Z82/SUM($H$82:$BM$82) -> 0.072314133 | AC83: =AC82/SUM($H$82:$BM$82) -> 0.069312696 | AF83: =AF82/SUM($H$82:$BM$82) -> 0.066676899 | AI83: =AI82/SUM($H$82:$BM$82) -> 0.06610003 | AL83: =AL82/SUM($H$82:$BM$82) -> 0.058330442 | AO83: =AO82/SUM($H$82:$BM$82) -> 0.057834406 | AR83: =AR82/SUM($H$82:$BM$82) -> 0 | AU83: =AU82/SUM($H$82:$BM$82) -> 0 | AX83: =AX82/SUM($H$82:$BM$82) -> 0 | BA83: =BA82/SUM($H$82:$BM$82) -> 0 | BD83: =BD82/SUM($H$82:$BM$82) -> 0 | BG83: =BG82/SUM($H$82:$BM$82) -> 0 | BJ83: =BJ82/SUM($H$82:$BM$82) -> 0 | BM83: =BM82/SUM($H$82:$BM$82) -> 0
A84: Bray-Curtis member 2 (positive, truy vấn dịch δ2) | H84: =SUMPRODUCT(ABS($G$13:$G$71-I13:I71))/SUMPRODUCT($G$13:$G$71+I13:I71) -> 0.28016023 | K84: =SUMPRODUCT(ABS($G$13:$G$71-L13:L71))/SUMPRODUCT($G$13:$G$71+L13:L71) -> 0.22805607 | N84: =SUMPRODUCT(ABS($G$13:$G$71-O13:O71))/SUMPRODUCT($G$13:$G$71+O13:O71) -> 0.24795085 | Q84: =SUMPRODUCT(ABS($G$13:$G$71-R13:R71))/SUMPRODUCT($G$13:$G$71+R13:R71) -> 0.27520841 | T84: =SUMPRODUCT(ABS($G$13:$G$71-U13:U71))/SUMPRODUCT($G$13:$G$71+U13:U71) -> 0.26759011 | W84: =SUMPRODUCT(ABS($G$13:$G$71-X13:X71))/SUMPRODUCT($G$13:$G$71+X13:X71) -> 0.25302659 | Z84: =SUMPRODUCT(ABS($G$13:$G$71-AA13:AA71))/SUMPRODUCT($G$13:$G$71+AA13:AA71) -> 0.24942635 | AC84: =SUMPRODUCT(ABS($G$13:$G$71-AD13:AD71))/SUMPRODUCT($G$13:$G$71+AD13:AD71) -> 0.33134497 | AF84: =SUMPRODUCT(ABS($G$13:$G$71-AG13:AG71))/SUMPRODUCT($G$13:$G$71+AG13:AG71) -> 0.20815673 | AI84: =SUMPRODUCT(ABS($G$13:$G$71-AJ13:AJ71))/SUMPRODUCT($G$13:$G$71+AJ13:AJ71) -> 0.33326584 | AL84: =SUMPRODUCT(ABS($G$13:$G$71-AM13:AM71))/SUMPRODUCT($G$13:$G$71+AM13:AM71) -> 0.26657231 | AO84: =SUMPRODUCT(ABS($G$13:$G$71-AP13:AP71))/SUMPRODUCT($G$13:$G$71+AP13:AP71) -> 0.26158051 | AR84: =SUMPRODUCT(ABS($G$13:$G$71-AS13:AS71))/SUMPRODUCT($G$13:$G$71+AS13:AS71) -> 0.24683048 | AU84: =SUMPRODUCT(ABS($G$13:$G$71-AV13:AV71))/SUMPRODUCT($G$13:$G$71+AV13:AV71) -> 0.25549711 | AX84: =SUMPRODUCT(ABS($G$13:$G$71-AY13:AY71))/SUMPRODUCT($G$13:$G$71+AY13:AY71) -> 0.25689943 | BA84: =SUMPRODUCT(ABS($G$13:$G$71-BB13:BB71))/SUMPRODUCT($G$13:$G$71+BB13:BB71) -> 0.26037248 | BD84: =SUMPRODUCT(ABS($G$13:$G$71-BE13:BE71))/SUMPRODUCT($G$13:$G$71+BE13:BE71) -> 0.26418135 | BG84: =SUMPRODUCT(ABS($G$13:$G$71-BH13:BH71))/SUMPRODUCT($G$13:$G$71+BH13:BH71) -> 0.26603296 | BJ84: =SUMPRODUCT(ABS($G$13:$G$71-BK13:BK71))/SUMPRODUCT($G$13:$G$71+BK13:BK71) -> 0.67102703 | BM84: =SUMPRODUCT(ABS($G$13:$G$71-BN13:BN71))/SUMPRODUCT($G$13:$G$71+BN13:BN71) -> 0.87378435
A85: Hạng Bray-Curtis member 2 | H85: =RANK(H84,$H$84:$BM$84,1) -> 16 | K85: =RANK(K84,$H$84:$BM$84,1) -> 2 | N85: =RANK(N84,$H$84:$BM$84,1) -> 4 | Q85: =RANK(Q84,$H$84:$BM$84,1) -> 15 | T85: =RANK(T84,$H$84:$BM$84,1) -> 14 | W85: =RANK(W84,$H$84:$BM$84,1) -> 6 | Z85: =RANK(Z84,$H$84:$BM$84,1) -> 5 | AC85: =RANK(AC84,$H$84:$BM$84,1) -> 17 | AF85: =RANK(AF84,$H$84:$BM$84,1) -> 1 | AI85: =RANK(AI84,$H$84:$BM$84,1) -> 18 | AL85: =RANK(AL84,$H$84:$BM$84,1) -> 13 | AO85: =RANK(AO84,$H$84:$BM$84,1) -> 10 | AR85: =RANK(AR84,$H$84:$BM$84,1) -> 3 | AU85: =RANK(AU84,$H$84:$BM$84,1) -> 7 | AX85: =RANK(AX84,$H$84:$BM$84,1) -> 8 | BA85: =RANK(BA84,$H$84:$BM$84,1) -> 9 | BD85: =RANK(BD84,$H$84:$BM$84,1) -> 11 | BG85: =RANK(BG84,$H$84:$BM$84,1) -> 12 | BJ85: =RANK(BJ84,$H$84:$BM$84,1) -> 19 | BM85: =RANK(BM84,$H$84:$BM$84,1) -> 20
A86: Trọng số member 2 = 1/d^p nếu hạng <= k | H86: =IF(H85<=$B$5,1/MAX(H84,0.000000001)^$B$6,0) -> 0 | K86: =IF(K85<=$B$5,1/MAX(K84,0.000000001)^$B$6,0) -> 369.6864 | N86: =IF(N85<=$B$5,1/MAX(N84,0.000000001)^$B$6,0) -> 264.56816 | Q86: =IF(Q85<=$B$5,1/MAX(Q84,0.000000001)^$B$6,0) -> 0 | T86: =IF(T85<=$B$5,1/MAX(T84,0.000000001)^$B$6,0) -> 0 | W86: =IF(W85<=$B$5,1/MAX(W84,0.000000001)^$B$6,0) -> 243.96941 | Z86: =IF(Z85<=$B$5,1/MAX(Z84,0.000000001)^$B$6,0) -> 258.36321 | AC86: =IF(AC85<=$B$5,1/MAX(AC84,0.000000001)^$B$6,0) -> 0 | AF86: =IF(AF85<=$B$5,1/MAX(AF84,0.000000001)^$B$6,0) -> 532.64535 | AI86: =IF(AI85<=$B$5,1/MAX(AI84,0.000000001)^$B$6,0) -> 0 | AL86: =IF(AL85<=$B$5,1/MAX(AL84,0.000000001)^$B$6,0) -> 0 | AO86: =IF(AO85<=$B$5,1/MAX(AO84,0.000000001)^$B$6,0) -> 213.5888 | AR86: =IF(AR85<=$B$5,1/MAX(AR84,0.000000001)^$B$6,0) -> 269.40449 | AU86: =IF(AU85<=$B$5,1/MAX(AU84,0.000000001)^$B$6,0) -> 234.66917 | AX86: =IF(AX85<=$B$5,1/MAX(AX84,0.000000001)^$B$6,0) -> 229.58708 | BA86: =IF(BA85<=$B$5,1/MAX(BA84,0.000000001)^$B$6,0) -> 217.58036 | BD86: =IF(BD85<=$B$5,1/MAX(BD84,0.000000001)^$B$6,0) -> 205.30116 | BG86: =IF(BG85<=$B$5,1/MAX(BG84,0.000000001)^$B$6,0) -> 199.6449 | BJ86: =IF(BJ85<=$B$5,1/MAX(BJ84,0.000000001)^$B$6,0) -> 0 | BM86: =IF(BM85<=$B$5,1/MAX(BM84,0.000000001)^$B$6,0) -> 0
A87: Trọng số chuẩn hoá member 2 | H87: =H86/SUM($H$86:$BM$86) -> 0 | K87: =K86/SUM($H$86:$BM$86) -> 0.11413567 | N87: =N86/SUM($H$86:$BM$86) -> 0.081681834 | Q87: =Q86/SUM($H$86:$BM$86) -> 0 | T87: =T86/SUM($H$86:$BM$86) -> 0 | W87: =W86/SUM($H$86:$BM$86) -> 0.075322252 | Z87: =Z86/SUM($H$86:$BM$86) -> 0.079766141 | AC87: =AC86/SUM($H$86:$BM$86) -> 0 | AF87: =AF86/SUM($H$86:$BM$86) -> 0.16444704 | AI87: =AI86/SUM($H$86:$BM$86) -> 0 | AL87: =AL86/SUM($H$86:$BM$86) -> 0 | AO87: =AO86/SUM($H$86:$BM$86) -> 0.065942648 | AR87: =AR86/SUM($H$86:$BM$86) -> 0.083174988 | AU87: =AU86/SUM($H$86:$BM$86) -> 0.072450927 | AX87: =AX86/SUM($H$86:$BM$86) -> 0.070881901 | BA87: =BA86/SUM($H$86:$BM$86) -> 0.067174989 | BD87: =BD86/SUM($H$86:$BM$86) -> 0.063383953 | BG87: =BG86/SUM($H$86:$BM$86) -> 0.06163766 | BJ87: =BJ86/SUM($H$86:$BM$86) -> 0 | BM87: =BM86/SUM($H$86:$BM$86) -> 0
A90: MÔ HÌNH CŨ (k-NN k=1, positive + Manhattan)
A91: Láng giềng gần nhất theo Excel (dòng) | B91: =INDEX($H$73:$BM$73,MATCH(MIN($H$78:$BM$78),$H$78:$BM$78,0)) -> 3514
A92: Láng giềng mô hình đã dùng (file dự đoán) | B92: 3514
A93: Kiểm tra | B93: =IF(B91=B92,"KHỚP","LỆCH") -> KHỚP
A94: x dự đoán = x của láng giềng đó | B94: =INDEX($H$76:$BM$76,MATCH(B91,$H$73:$BM$73,0)) -> -7353.7234
A95: y dự đoán | B95: =INDEX($H$77:$BM$77,MATCH(B91,$H$73:$BM$73,0)) -> 4864834.2
A96: Sai số (mét thực địa) | B96: =SQRT(($B$3-B94)^2+($B$4-B95)^2)*$B$7 -> 2.1569916
A97: Sai số trong file dự đoán | B97: 2.1569916
A98: Kiểm tra | B98: =IF(ABS(B96-B97)<0.000001,"KHỚP","LỆCH") -> KHỚP
A99: MÔ HÌNH TỐI ƯU
A100: x member 1 = SUMPRODUCT(trọng số chuẩn hoá, x) | B100: =SUMPRODUCT($H$83:$BM$83,$H$76:$BM$76) -> -7353.774
A101: y member 1 | B101: =SUMPRODUCT($H$83:$BM$83,$H$77:$BM$77) -> 4864837
A102: x member 2 = SUMPRODUCT(trọng số chuẩn hoá, x) | B102: =SUMPRODUCT($H$87:$BM$87,$H$76:$BM$76) -> -7352.989
A103: y member 2 | B103: =SUMPRODUCT($H$87:$BM$87,$H$77:$BM$77) -> 4864837.5
A104: x dự đoán = trung bình các member | B104: =AVERAGE(B100,B102) -> -7353.3815
A105: y dự đoán | B105: =AVERAGE(B101,B103) -> 4864837.3
A106: x dự đoán trong file | B106: -7353.3815
A107: y dự đoán trong file | B107: 4864837.3
A108: Kiểm tra toạ độ | B108: =IF(AND(ABS(B104-B106)<0.000001,ABS(B105-B107)<0.000001),"KHỚP","LỆCH") -> KHỚP
A109: Sai số (mét thực địa) | B109: =SQRT(($B$3-B104)^2+($B$4-B105)^2)*$B$7 -> 3.5224493
A110: Sai số trong file dự đoán | B110: 3.5224493
A111: Kiểm tra | B111: =IF(ABS(B109-B110)<0.000001,"KHỚP","LỆCH") -> KHỚP

Sheet 5_DuDoan_kNN_cu
A1: DuDoan kNN cu
A2: Chỉ số | B2: Excel tính | C2: Báo cáo (JSON) | D2: Kiểm tra
A3: Số fingerprint | B3: =COUNT(A16:A1126) -> 1111
A4: Độ chính xác tòa nhà | B4: =AVERAGE(F16:F1126) -> 0.98739874 | C4: 0.987399 | D4: =IF(ABS(B4-C4)<=0.0001,"KHỚP","LỆCH") -> KHỚP
A5: Độ chính xác tầng | B5: =AVERAGE(G16:G1126) -> 0.87938794 | C5: 0.879388 | D5: =IF(ABS(B5-C5)<=0.0001,"KHỚP","LỆCH") -> KHỚP
A6: Độ chính xác joint (tòa nhà + tầng) | B6: =AVERAGE(H16:H1126) -> 0.87758776 | C6: 0.877588 | D6: =IF(ABS(B6-C6)<=0.0001,"KHỚP","LỆCH") -> KHỚP
A7: Số dòng đúng cả hai | B7: =SUM(H16:H1126) -> 975
A8: Sai số TB (m toạ độ chiếu) | B8: =AVERAGE(N16:N1126) -> 12.109007 | C8: 12.109 | D8: =IF(ABS(B8-C8)<=0.0001,"KHỚP","LỆCH") -> KHỚP
A9: Sai số TB (m thực địa) | B9: =AVERAGE(O16:O1126) -> 9.2770297 | C9: 9.277 | D9: =IF(ABS(B9-C9)<=0.0001,"KHỚP","LỆCH") -> KHỚP
A10: Trung vị (m thực địa) | B10: =MEDIAN(O16:O1126) -> 4.6095608 | C10: 4.6096 | D10: =IF(ABS(B10-C10)<=0.0001,"KHỚP","LỆCH") -> KHỚP
A11: Phân vị 90 (m thực địa) | B11: =PERCENTILE(O16:O1126,0.9) -> 17.021232 | C11: 17.0212 | D11: =IF(ABS(B11-C11)<=0.0001,"KHỚP","LỆCH") -> KHỚP
A12: Tỉ lệ fingerprint sai số <= 8 m | B12: =COUNTIF(O16:O1126,"<=8")/COUNT(O16:O1126) -> 0.69486949
A15: Dòng validationData.csv | B15: Tòa nhà thật | C15: Tầng thật | D15: Tòa nhà dự đoán | E15: Tầng dự đoán | F15: Đúng tòa nhà? (1/0) | G15: Đúng tầng? (1/0) | H15: Đúng cả hai? (1/0) | I15: x thật | J15: y thật | K15: Láng giềng (dòng trainingData.csv) | L15: x dự đoán | M15: y dự đoán | N15: Sai số (m toạ độ chiếu) | O15: Sai số (m thực địa)
A16: 2 | B16: 1 | C16: 1 | D16: 0 | E16: 0 | F16: =IF(B16=D16,1,0) -> 0 | G16: =IF(C16=E16,1,0) -> 0 | H16: =F16*G16 -> 0 | I16: -7515.9168 | J16: 4864889.7 | K16: 6 | L16: -7632.1436 | M16: 4864982.2 | N16: =SQRT((I16-L16)^2+(J16-M16)^2) -> 148.5764 | O16: =N16*'8_HeSo_Mercator'!$B$7 -> 113.82829
A17: 3 | B17: 2 | C17: 4 | D17: 2 | E17: 4 | F17: =IF(B17=D17,1,0) -> 1 | G17: =IF(C17=E17,1,0) -> 1 | H17: =F17*G17 -> 1 | I17: -7383.8672 | J17: 4864839.7 | K17: 2422 | L17: -7385.5264 | M17: 4864839 | N17: =SQRT((I17-L17)^2+(J17-M17)^2) -> 1.8339345 | O17: =N17*'8_HeSo_Mercator'!$B$7 -> 1.4050256
A18: 4 | B18: 2 | C18: 4 | D18: 2 | E18: 4 | F18: =IF(B18=D18,1,0) -> 1 | G18: =IF(C18=E18,1,0) -> 1 | H18: =F18*G18 -> 1 | I18: -7374.3021 | J18: 4864846.5 | K18: 2332 | L18: -7370.0107 | M18: 4864847.8 | N18: =SQRT((I18-L18)^2+(J18-M18)^2) -> 4.4613674 | O18: =N18*'8_HeSo_Mercator'!$B$7 -> 3.4179712
A19: 5 | B19: 2 | C19: 4 | D19: 2 | E19: 4 | F19: =IF(B19=D19,1,0) -> 1 | G19: =IF(C19=E19,1,0) -> 1 | H19: =F19*G19 -> 1 | I19: -7365.8249 | J19: 4864842.8 | K19: 2626 | L19: -7363.2823 | M19: 4864844 | N19: =SQRT((I19-L19)^2+(J19-M19)^2) -> 2.8078943 | O19: =N19*'8_HeSo_Mercator'!$B$7 -> 2.1512018
A20: 6 | B20: 0 | C20: 2 | D20: 0 | E20: 2 | F20: =IF(B20=D20,1,0) -> 1 | G20: =IF(C20=E20,1,0) -> 1 | H20: =F20*G20 -> 1 | I20: -7641.4993 | J20: 4864922.4 | K20: 7170 | L20: -7653.3433 | M20: 4864921 | N20: =SQRT((I20-L20)^2+(J20-M20)^2) -> 11.930724 | O20: =N20*'8_HeSo_Mercator'!$B$7 -> 9.1404421
A21: 7 | B21: 2 | C21: 2 | D21: 2 | E21: 2 | F21: =IF(B21=D21,1,0) -> 1 | G21: =IF(C21=E21,1,0) -> 1 | H21: =F21*G21 -> 1 | I21: -7338.8072 | J21: 4864825.5 | K21: 10240 | L21: -7325.2341 | M21: 4864818.4 | N21: =SQRT((I21-L21)^2+(J21-M21)^2) -> 15.322608 | O21: =N21*'8_HeSo_Mercator'!$B$7 -> 11.739054
A22: 8 | B22: 2 | C22: 3 | D22: 2 | E22: 3 | F22: =IF(B22=D22,1,0) -> 1 | G22: =IF(C22=E22,1,0) -> 1 | H22: =F22*G22 -> 1 | I22: -7379.3517 | J22: 4864849.2 | K22: 1944 | L22: -7366.0959 | M22: 4864845.6 | N22: =SQRT((I22-L22)^2+(J22-M22)^2) -> 13.741156 | O22: =N22*'8_HeSo_Mercator'!$B$7 -> 10.527462
A23: 9 | B23: 2 | C23: 3 | D23: 2 | E23: 3 | F23: =IF(B23=D23,1,0) -> 1 | G23: =IF(C23=E23,1,0) -> 1 | H23: =F23*G23 -> 1 | I23: -7340.5588 | J23: 4864758.9 | K23: 429 | L23: -7363.2282 | M23: 4864760.3 | N23: =SQRT((I23-L23)^2+(J23-M23)^2) -> 22.71013 | O23: =N23*'8_HeSo_Mercator'!$B$7 -> 17.398829
A24: 10 | B24: 2 | C24: 2 | D24: 2 | E24: 2 | F24: =IF(B24=D24,1,0) -> 1 | G24: =IF(C24=E24,1,0) -> 1 | H24: =F24*G24 -> 1 | I24: -7357.5313 | J24: 4864765.8 | K24: 1856 | L24: -7356.4576 | M24: 4864764.8 | N24: =SQRT((I24-L24)^2+(J24-M24)^2) -> 1.5326946 | O24: =N24*'8_HeSo_Mercator'!$B$7 -> 1.1742377
A25: 11 | B25: 2 | C25: 0 | D25: 2 | E25: 0 | F25: =IF(B25=D25,1,0) -> 1 | G25: =IF(C25=E25,1,0) -> 1 | H25: =F25*G25 -> 1 | I25: -7345.0852 | J25: 4864830.8 | K25: 19287 | L25: -7333.1832 | M25: 4864822.8 | N25: =SQRT((I25-L25)^2+(J25-M25)^2) -> 14.368958 | O25: =N25*'8_HeSo_Mercator'!$B$7 -> 11.008438
A26: 12 | B26: 2 | C26: 2 | D26: 2 | E26: 2 | F26: =IF(B26=D26,1,0) -> 1 | G26: =IF(C26=E26,1,0) -> 1 | H26: =F26*G26 -> 1 | I26: -7344.1827 | J26: 4864754.2 | K26: 1729 | L26: -7344.375 | M26: 4864757.6 | N26: =SQRT((I26-L26)^2+(J26-M26)^2) -> 3.3664569 | O26: =N26*'8_HeSo_Mercator'!$B$7 -> 2.5791313
A27: 13 | B27: 2 | C27: 0 | D27: 2 | E27: 0 | F27: =IF(B27=D27,1,0) -> 1 | G27: =IF(C27=E27,1,0) -> 1 | H27: =F27*G27 -> 1 | I27: -7372.664 | J27: 4864844.4 | K27: 6622 | L27: -7374.3125 | M27: 4864845.6 | N27: =SQRT((I27-L27)^2+(J27-M27)^2) -> 2.0189518 | O27: =N27*'8_HeSo_Mercator'!$B$7 -> 1.5467722
... A1126: 1112 | B1126: 0 | C1126: 0 | D1126: 0 | E1126: 0 | F1126: =IF(B1126=D1126,1,0) -> 1 | G1126: =IF(C1126=E1126,1,0) -> 1 | H1126: =F1126*G1126 -> 1 | I1126: -7637.9441 | J1126: 4864903.5 | K1126: 8946 | L1126: -7637.7289 | M1126: 4864903.2 | N1126: =SQRT((I1126-L1126)^2+(J1126-M1126)^2) -> 0.41300836 | O1126: =N1126*'8_HeSo_Mercator'!$B$7 -> 0.31641659

Sheet 6_DuDoan_ToiUu
A1: DuDoan ToiUu
A2: Chỉ số | B2: Excel tính | C2: Báo cáo (JSON) | D2: Kiểm tra
A3: Số fingerprint | B3: =COUNT(A16:A1126) -> 1111
A4: Độ chính xác tòa nhà | B4: =AVERAGE(F16:F1126) -> 0.99909991 | C4: 0.9991 | D4: =IF(ABS(B4-C4)<=0.0001,"KHỚP","LỆCH") -> KHỚP
A5: Độ chính xác tầng | B5: =AVERAGE(G16:G1126) -> 0.94689469 | C5: 0.946895 | D5: =IF(ABS(B5-C5)<=0.0001,"KHỚP","LỆCH") -> KHỚP
A6: Độ chính xác joint (tòa nhà + tầng) | B6: =AVERAGE(H16:H1126) -> 0.94689469 | C6: 0.946895 | D6: =IF(ABS(B6-C6)<=0.0001,"KHỚP","LỆCH") -> KHỚP
A7: Số dòng đúng cả hai | B7: =SUM(H16:H1126) -> 1052
A8: Sai số TB (m toạ độ chiếu) | B8: =AVERAGE(R16:R1126) -> 6.9907829 | C8: 6.9908 | D8: =IF(ABS(B8-C8)<=0.0001,"KHỚP","LỆCH") -> KHỚP
A9: Sai số TB (m thực địa) | B9: =AVERAGE(S16:S1126) -> 5.3558231 | C9: 5.3558 | D9: =IF(ABS(B9-C9)<=0.0001,"KHỚP","LỆCH") -> KHỚP
A10: Trung vị (m thực địa) | B10: =MEDIAN(S16:S1126) -> 3.5224509 | C10: 3.5224 | D10: =IF(ABS(B10-C10)<=0.0001,"KHỚP","LỆCH") -> KHỚP
A11: Phân vị 90 (m thực địa) | B11: =PERCENTILE(S16:S1126,0.9) -> 11.892222 | C11: 11.8922 | D11: =IF(ABS(B11-C11)<=0.0001,"KHỚP","LỆCH") -> KHỚP
A12: Tỉ lệ fingerprint sai số <= 8 m | B12: =COUNTIF(S16:S1126,"<=8")/COUNT(S16:S1126) -> 0.80468047
A13: Số dòng (x,y) dựng lại khớp file | B13: =SUM(Q16:Q1126) -> 1111
A15: Dòng validationData.csv | B15: Tòa nhà thật | C15: Tầng thật | D15: Tòa nhà dự đoán | E15: Tầng dự đoán | F15: Đúng tòa nhà? (1/0) | G15: Đúng tầng? (1/0) | H15: Đúng cả hai? (1/0) | I15: x thật | J15: y thật | K15: δ member 1 (dB) | L15: δ member 2 (dB) | M15: x dự đoán (file) | N15: y dự đoán (file) | O15: x dự đoán = TB member(Σw·x/Σw) | P15: y dự đoán (dựng lại) | Q15: (x,y) khớp file? (1/0) | R15: Sai số (m toạ độ chiếu) | S15: Sai số (m thực địa) | T15: M1 láng giềng 1: dòng | U15: M1 d1 | V15: M1 x1 | W15: M1 y1 | X15: M1 w1=1/d^p | Y15: M1 láng giềng 2: dòng | Z15: M1 d2 | AA15: M1 x2 | AB15: M1 y2 | AC15: M1 w2=1/d^p | AD15: M1 láng giềng 3: dòng | AE15: M1 d3 | AF15: M1 x3 | AG15: M1 y3 | AH15: M1 w3=1/d^p | AI15: M1 láng giềng 4: dòng | AJ15: M1 d4 | AK15: M1 x4 | AL15: M1 y4 | AM15: M1 w4=1/d^p | AN15: M1 láng giềng 5: dòng | AO15: M1 d5 | AP15: M1 x5 | AQ15: M1 y5 | AR15: M1 w5=1/d^p | AS15: M1 láng giềng 6: dòng | AT15: M1 d6 | AU15: M1 x6 | AV15: M1 y6 | AW15: M1 w6=1/d^p | AX15: M1 láng giềng 7: dòng | AY15: M1 d7 | AZ15: M1 x7 | BA15: M1 y7 | BB15: M1 w7=1/d^p | BC15: M1 láng giềng 8: dòng | BD15: M1 d8 | BE15: M1 x8 | BF15: M1 y8 | BG15: M1 w8=1/d^p | BH15: M1 láng giềng 9: dòng | BI15: M1 d9 | BJ15: M1 x9 | BK15: M1 y9 | BL15: M1 w9=1/d^p | BM15: M1 láng giềng 10: dòng | BN15: M1 d10 | BO15: M1 x10 | BP15: M1 y10 | BQ15: M1 w10=1/d^p | BR15: M1 láng giềng 11: dòng | BS15: M1 d11 | BT15: M1 x11 | BU15: M1 y11 | BV15: M1 w11=1/d^p | BW15: M1 láng giềng 12: dòng | BX15: M1 d12 | BY15: M1 x12 | BZ15: M1 y12 | CA15: M1 w12=1/d^p | CB15: M2 láng giềng 1: dòng | CC15: M2 d1 | CD15: M2 x1 | CE15: M2 y1 | CF15: M2 w1=1/d^p | CG15: M2 láng giềng 2: dòng | CH15: M2 d2 | CI15: M2 x2 | CJ15: M2 y2 | CK15: M2 w2=1/d^p | CL15: M2 láng giềng 3: dòng | CM15: M2 d3 | CN15: M2 x3 | CO15: M2 y3 | CP15: M2 w3=1/d^p | CQ15: M2 láng giềng 4: dòng | CR15: M2 d4 | CS15: M2 x4 | CT15: M2 y4 | CU15: M2 w4=1/d^p | CV15: M2 láng giềng 5: dòng | CW15: M2 d5 | CX15: M2 x5 | CY15: M2 y5 | CZ15: M2 w5=1/d^p | DA15: M2 láng giềng 6: dòng | DB15: M2 d6 | DC15: M2 x6 | DD15: M2 y6 | DE15: M2 w6=1/d^p | DF15: M2 láng giềng 7: dòng | DG15: M2 d7 | DH15: M2 x7 | DI15: M2 y7 | DJ15: M2 w7=1/d^p | DK15: M2 láng giềng 8: dòng | DL15: M2 d8 | DM15: M2 x8 | DN15: M2 y8 | DO15: M2 w8=1/d^p | DP15: M2 láng giềng 9: dòng | DQ15: M2 d9 | DR15: M2 x9 | DS15: M2 y9 | DT15: M2 w9=1/d^p | DU15: M2 láng giềng 10: dòng | DV15: M2 d10 | DW15: M2 x10 | DX15: M2 y10 | DY15: M2 w10=1/d^p | DZ15: M2 láng giềng 11: dòng | EA15: M2 d11 | EB15: M2 x11 | EC15: M2 y11 | ED15: M2 w11=1/d^p | EE15: M2 láng giềng 12: dòng | EF15: M2 d12 | EG15: M2 x12 | EH15: M2 y12 | EI15: M2 w12=1/d^p
A16: 2 | B16: 1 | C16: 1 | D16: 1 | E16: 2 | F16: =IF(B16=D16,1,0) -> 1 | G16: =IF(C16=E16,1,0) -> 0 | H16: =F16*G16 -> 0 | I16: -7515.9168 | J16: 4864889.7 | K16: -3 | L16: -3 | M16: -7518.0925 | N16: 4864889.6 | O16: =((X16*V16+AC16*AA16+AH16*AF16+AM16*AK16+AR16*AP16+AW16*AU16+BB16*AZ16+BG16*BE16+BL16*BJ16+BQ16*BO16+BV16*BT16+CA16*BY16)/(X16+AC16+AH16+AM16+AR16+AW16+BB16+BG16+BL16+BQ16+BV16+CA16)+(CF16*CD16+CK16*CI16+CP16*CN16+CU16*CS16+CZ16*CX16+DE16*DC16+DJ16*DH16+DO16*DM16+DT16*DR16+DY16*DW16+ED16*EB16+EI16*EG16)/(CF16+CK16+CP16+CU16+CZ16+DE16+DJ16+DO16+DT16+DY16+ED16+EI16))/2 -> -7518.0925 | P16: =((X16*W16+AC16*AB16+AH16*AG16+AM16*AL16+AR16*AQ16+AW16*AV16+BB16*BA16+BG16*BF16+BL16*BK16+BQ16*BP16+BV16*BU16+CA16*BZ16)/(X16+AC16+AH16+AM16+AR16+AW16+BB16+BG16+BL16+BQ16+BV16+CA16)+(CF16*CE16+CK16*CJ16+CP16*CO16+CU16*CT16+CZ16*CY16+DE16*DD16+DJ16*DI16+DO16*DN16+DT16*DS16+DY16*DX16+ED16*EC16+EI16*EH16)/(CF16+CK16+CP16+CU16+CZ16+DE16+DJ16+DO16+DT16+DY16+ED16+EI16))/2 -> 4864889.6 | Q16: =IF(AND(ABS(O16-M16)<0.000001,ABS(P16-N16)<0.000001),1,0) -> 1 | R16: =SQRT((I16-O16)^2+(J16-P16)^2) -> 2.1774236 | S16: =R16*'8_HeSo_Mercator'!$B$7 -> 1.6681816 | T16: 455 | U16: 0.71148266 | V16: -7520.7245 | W16: 4864892.4 | X16: =1/MAX(U16,0.000000001)^4 -> 3.9024984 | Y16: 245 | Z16: 0.75254198 | AA16: -7516.8415 | AB16: 4864889.3 | AC16: =1/MAX(Z16,0.000000001)^4 -> 3.1180069 | AD16: 244 | AE16: 0.77551952 | AF16: -7516.0888 | AG16: 4864889.9 | AH16: =1/MAX(AE16,0.000000001)^4 -> 2.7645794 | AI16: 895 | AJ16: 0.7765373 | AK16: -7520.7245 | AL16: 4864892.4 | AM16: =1/MAX(AJ16,0.000000001)^4 -> 2.7501141 | AN16: 137 | AO16: 0.78138108 | AP16: -7516.8415 | AQ16: 4864889.3 | AR16: =1/MAX(AO16,0.000000001)^4 -> 2.6825538 | AS16: 348 | AT16: 0.78836406 | AU16: -7526.7109 | AV16: 4864892.8 | AW16: =1/MAX(AT16,0.000000001)^4 -> 2.5887656 | AX16: 785 | AY16: 0.78872987 | AZ16: -7520.7245 | BA16: 4864892.4 | BB16: =1/MAX(AY16,0.000000001)^4 -> 2.5839663 | BC16: 788 | BD16: 0.78966349 | BE16: -7521.8672 | BF16: 4864889.5 | BG16: =1/MAX(BD16,0.000000001)^4 -> 2.5717678 | BH16: 20 | BI16: 0.78974192 | BJ16: -7521.8672 | BK16: 4864889.5 | BL16: =1/MAX(BI16,0.000000001)^4 -> 2.5707464 | BM16: 572 | BN16: 0.7923126 | BO16: -7516.8415 | BP16: 4864889.3 | BQ16: =1/MAX(BN16,0.000000001)^4 -> 2.5375449 | BR16: 678 | BS16: 0.79534078 | BT16: -7521.8672 | BU16: 4864889.5 | BV16: =1/MAX(BS16,0.000000001)^4 -> 2.4991194 | BW16: 19394 | BX16: 0.79680591 | BY16: -7470.5395 | BZ16: 4864863.6 | CA16: =1/MAX(BX16,0.000000001)^4 -> 2.480789 | CB16: 455 | CC16: 0.70670241 | CD16: -7520.7245 | CE16: 4864892.4 | CF16: =1/MAX(CC16,0.000000001)^4 -> 4.0091629 | CG16: 895 | CH16: 0.77321725 | CI16: -7520.7245 | CJ16: 4864892.4 | CK16: =1/MAX(CH16,0.000000001)^4 -> 2.7976531 | CL16: 245 | CM16: 0.7901199 | CN16: -7516.8415 | CO16: 4864889.3 | CP16: =1/MAX(CM16,0.000000001)^4 -> 2.5658307 | CQ16: 785 | CR16: 0.79808047 | CS16: -7520.7245 | CT16: 4864892.4 | CU16: =1/MAX(CR16,0.000000001)^4 -> 2.4649792 | CV16: 20 | CW16: 0.79990855 | CX16: -7521.8672 | CY16: 4864889.5 | CZ16: =1/MAX(CW16,0.000000001)^4 -> 2.4425229 | DA16: 788 | DB16: 0.79990855 | DC16: -7521.8672 | DD16: 4864889.5 | DE16: =1/MAX(DB16,0.000000001)^4 -> 2.4425229 | DF16: 1008 | DG16: 0.8 | DH16: -7520.7245 | DI16: 4864892.4 | DJ16: =1/MAX(DG16,0.000000001)^4 -> 2.4414063 | DK16: 572 | DL16: 0.80170382 | DM16: -7516.8415 | DN16: 4864889.3 | DO16: =1/MAX(DL16,0.000000001)^4 -> 2.4207179 | DP16: 137 | DQ16: 0.80337886 | DR16: -7516.8415 | DS16: 4864889.3 | DT16: =1/MAX(DQ16,0.000000001)^4 -> 2.4005922 | DU16: 678 | DV16: 0.81021771 | DW16: -7521.8672 | DX16: 4864889.5 | DY16: =1/MAX(DV16,0.000000001)^4 -> 2.3205614 | DZ16: 458 | EA16: 0.81029998 | EB16: -7521.8672 | EC16: 4864889.5 | ED16: =1/MAX(EA16,0.000000001)^4 -> 2.3196191 | EE16: 351 | EF16: 0.81342202 | EG16: -7516.8415 | EH16: 4864889.3 | EI16: =1/MAX(EF16,0.000000001)^4 -> 2.2842115
A17: 3 | B17: 2 | C17: 4 | D17: 2 | E17: 4 | F17: =IF(B17=D17,1,0) -> 1 | G17: =IF(C17=E17,1,0) -> 1 | H17: =F17*G17 -> 1 | I17: -7383.8672 | J17: 4864839.7 | K17: 6 | L17: 6 | M17: -7385.1393 | N17: 4864839.7 | O17: =((X17*V17+AC17*AA17+AH17*AF17+AM17*AK17+AR17*AP17+AW17*AU17+BB17*AZ17+BG17*BE17+BL17*BJ17+BQ17*BO17+BV17*BT17+CA17*BY17)/(X17+AC17+AH17+AM17+AR17+AW17+BB17+BG17+BL17+BQ17+BV17+CA17)+(CF17*CD17+CK17*CI17+CP17*CN17+CU17*CS17+CZ17*CX17+DE17*DC17+DJ17*DH17+DO17*DM17+DT17*DR17+DY17*DW17+ED17*EB17+EI17*EG17)/(CF17+CK17+CP17+CU17+CZ17+DE17+DJ17+DO17+DT17+DY17+ED17+EI17))/2 -> -7385.1393 | P17: =((X17*W17+AC17*AB17+AH17*AG17+AM17*AL17+AR17*AQ17+AW17*AV17+BB17*BA17+BG17*BF17+BL17*BK17+BQ17*BP17+BV17*BU17+CA17*BZ17)/(X17+AC17+AH17+AM17+AR17+AW17+BB17+BG17+BL17+BQ17+BV17+CA17)+(CF17*CE17+CK17*CJ17+CP17*CO17+CU17*CT17+CZ17*CY17+DE17*DD17+DJ17*DI17+DO17*DN17+DT17*DS17+DY17*DX17+ED17*EC17+EI17*EH17)/(CF17+CK17+CP17+CU17+CZ17+DE17+DJ17+DO17+DT17+DY17+ED17+EI17))/2 -> 4864839.7 | Q17: =IF(AND(ABS(O17-M17)<0.000001,ABS(P17-N17)<0.000001),1,0) -> 1 | R17: =SQRT((I17-O17)^2+(J17-P17)^2) -> 1.2748203 | S17: =R17*'8_HeSo_Mercator'!$B$7 -> 0.9766734 | T17: 2422 | U17: 0.23355313 | V17: -7385.5264 | W17: 4864839 | X17: =1/MAX(U17,0.000000001)^4 -> 336.09126 | Y17: 2521 | Z17: 0.26919396 | AA17: -7385.5264 | AB17: 4864839 | AC17: =1/MAX(Z17,0.000000001)^4 -> 190.43148 | AD17: 2620 | AE17: 0.27794532 | AF17: -7385.5264 | AG17: 4864839 | AH17: =1/MAX(AE17,0.000000001)^4 -> 167.55699 | AI17: 2810 | AJ17: 0.29981392 | AK17: -7385.5264 | AL17: 4864839 | AM17: =1/MAX(AJ17,0.000000001)^4 -> 123.76358 | AN17: 2714 | AO17: 0.30142663 | AP17: -7385.5264 | AQ17: 4864839 | AR17: =1/MAX(AO17,0.000000001)^4 -> 121.13609 | AS17: 2913 | AT17: 0.3032598 | AU17: -7385.5264 | AV17: 4864839 | AW17: =1/MAX(AT17,0.000000001)^4 -> 118.23352 | AX17: 3102 | AY17: 0.30704677 | AZ17: -7385.5264 | BA17: 4864839 | BB17: =1/MAX(AY17,0.000000001)^4 -> 112.50761 | BC17: 3005 | BD17: 0.31065742 | BE17: -7385.5264 | BF17: 4864839 | BG17: =1/MAX(BD17,0.000000001)^4 -> 107.36756 | BH17: 2320 | BI17: 0.31368512 | BJ17: -7381.7547 | BK17: 4864845.8 | BL17: =1/MAX(BI17,0.000000001)^4 -> 103.28192 | BM17: 2519 | BN17: 0.32074828 | BO17: -7384.7291 | BP17: 4864840.4 | BQ17: =1/MAX(BN17,0.000000001)^4 -> 94.480605 | BR17: 3208 | BS17: 0.32244963 | BT17: -7384.7291 | BU17: 4864840.4 | BV17: =1/MAX(BS17,0.000000001)^4 -> 92.502282 | BW17: 3012 | BX17: 0.32352561 | BY17: -7384.7291 | BZ17: 4864840.4 | CA17: =1/MAX(BX17,0.000000001)^4 -> 91.27784 | CB17: 2422 | CC17: 0.27042574 | CD17: -7385.5264 | CE17: 4864839 | CF17: =1/MAX(CC17,0.000000001)^4 -> 186.98549 | CG17: 2521 | CH17: 0.29612003 | CI17: -7385.5264 | CJ17: 4864839 | CK17: =1/MAX(CH17,0.000000001)^4 -> 130.05554 | CL17: 2620 | CM17: 0.30533288 | CN17: -7385.5264 | CO17: 4864839 | CP17: =1/MAX(CM17,0.000000001)^4 -> 115.05505 | CQ17: 2714 | CR17: 0.31428654 | CS17: -7385.5264 | CT17: 4864839 | CU17: =1/MAX(CR17,0.000000001)^4 -> 102.49363 | CV17: 2810 | CW17: 0.31726919 | CX17: -7385.5264 | CY17: 4864839 | CZ17: =1/MAX(CW17,0.000000001)^4 -> 98.693463 | DA17: 2913 | DB17: 0.32401637 | DC17: -7385.5264 | DD17: 4864839 | DE17: =1/MAX(DB17,0.000000001)^4 -> 90.726088 | DF17: 3102 | DG17: 0.32491058 | DH17: -7385.5264 | DI17: 4864839 | DJ17: =1/MAX(DG17,0.000000001)^4 -> 89.731429 | DK17: 2320 | DL17: 0.33061896 | DM17: -7381.7547 | DN17: 4864845.8 | DO17: =1/MAX(DL17,0.000000001)^4 -> 83.692969 | DP17: 3005 | DQ17: 0.33067875 | DR17: -7385.5264 | DS17: 4864839 | DT17: =1/MAX(DQ17,0.000000001)^4 -> 83.632453 | DU17: 3208 | DV17: 0.34039141 | DW17: -7384.7291 | DX17: 4864840.4 | DY17: =1/MAX(DV17,0.000000001)^4 -> 74.487882 | DZ17: 2322 | EA17: 0.342325 | EB17: -7384.7291 | EC17: 4864840.4 | ED17: =1/MAX(EA17,0.000000001)^4 -> 72.819135 | EE17: 3012 | EF17: 0.35550035 | EG17: -7384.7291 | EH17: 4864840.4 | EI17: =1/MAX(EF17,0.000000001)^4 -> 62.60945
A18: 4 | B18: 2 | C18: 4 | D18: 2 | E18: 4 | F18: =IF(B18=D18,1,0) -> 1 | G18: =IF(C18=E18,1,0) -> 1 | H18: =F18*G18 -> 1 | I18: -7374.3021 | J18: 4864846.5 | K18: 3 | L18: 3 | M18: -7370.9451 | N18: 4864847.4 | O18: =((X18*V18+AC18*AA18+AH18*AF18+AM18*AK18+AR18*AP18+AW18*AU18+BB18*AZ18+BG18*BE18+BL18*BJ18+BQ18*BO18+BV18*BT18+CA18*BY18)/(X18+AC18+AH18+AM18+AR18+AW18+BB18+BG18+BL18+BQ18+BV18+CA18)+(CF18*CD18+CK18*CI18+CP18*CN18+CU18*CS18+CZ18*CX18+DE18*DC18+DJ18*DH18+DO18*DM18+DT18*DR18+DY18*DW18+ED18*EB18+EI18*EG18)/(CF18+CK18+CP18+CU18+CZ18+DE18+DJ18+DO18+DT18+DY18+ED18+EI18))/2 -> -7370.9451 | P18: =((X18*W18+AC18*AB18+AH18*AG18+AM18*AL18+AR18*AQ18+AW18*AV18+BB18*BA18+BG18*BF18+BL18*BK18+BQ18*BP18+BV18*BU18+CA18*BZ18)/(X18+AC18+AH18+AM18+AR18+AW18+BB18+BG18+BL18+BQ18+BV18+CA18)+(CF18*CE18+CK18*CJ18+CP18*CO18+CU18*CT18+CZ18*CY18+DE18*DD18+DJ18*DI18+DO18*DN18+DT18*DS18+DY18*DX18+ED18*EC18+EI18*EH18)/(CF18+CK18+CP18+CU18+CZ18+DE18+DJ18+DO18+DT18+DY18+ED18+EI18))/2 -> 4864847.4 | Q18: =IF(AND(ABS(O18-M18)<0.000001,ABS(P18-N18)<0.000001),1,0) -> 1 | R18: =SQRT((I18-O18)^2+(J18-P18)^2) -> 3.4778812 | S18: =R18*'8_HeSo_Mercator'!$B$7 -> 2.6644965 | T18: 2624 | U18: 0.22723984 | V18: -7370.0107 | W18: 4864847.8 | X18: =1/MAX(U18,0.000000001)^4 -> 375.02664 | Y18: 2332 | Z18: 0.2538478 | AA18: -7370.0107 | AB18: 4864847.8 | AC18: =1/MAX(Z18,0.000000001)^4 -> 240.82767 | AD18: 3209 | AE18: 0.27201117 | AF18: -7370.0107 | AG18: 4864847.8 | AH18: =1/MAX(AE18,0.000000001)^4 -> 182.66403 | AI18: 2526 | AJ18: 0.29007878 | AK18: -7370.0107 | AL18: 4864847.8 | AM18: =1/MAX(AJ18,0.000000001)^4 -> 141.233 | AN18: 3111 | AO18: 0.29224091 | AP18: -7370.0107 | AQ18: 4864847.8 | AR18: =1/MAX(AO18,0.000000001)^4 -> 137.09953 | AS18: 3009 | AT18: 0.30075049 | AU18: -7380.9346 | AV18: 4864847.2 | AW18: =1/MAX(AT18,0.000000001)^4 -> 122.22911 | AX18: 2428 | AY18: 0.30860081 | AZ18: -7366.0959 | BA18: 4864845.6 | BB18: =1/MAX(AY18,0.000000001)^4 -> 110.25842 | BC18: 3114 | BD18: 0.3149863 | BE18: -7372.8029 | BF18: 4864849.3 | BG18: =1/MAX(BD18,0.000000001)^4 -> 101.58588 | BH18: 2912 | BI18: 0.31843595 | BJ18: -7380.9346 | BK18: 4864847.2 | BL18: =1/MAX(BI18,0.000000001)^4 -> 97.254938 | BM18: 2616 | BN18: 0.32653383 | BO18: -7381.7547 | BP18: 4864845.8 | BQ18: =1/MAX(BN18,0.000000001)^4 -> 87.960418 | BR18: 2329 | BS18: 0.32684172 | BT18: -7363.2823 | BU18: 4864844 | BV18: =1/MAX(BS18,0.000000001)^4 -> 87.629444 | BW18: 3011 | BX18: 0.32692657 | BY18: -7381.7547 | BZ18: 4864845.8 | CA18: =1/MAX(BX18,0.000000001)^4 -> 87.538507 | CB18: 2624 | CC18: 0.2370083 | CD18: -7370.0107 | CE18: 4864847.8 | CF18: =1/MAX(CC18,0.000000001)^4 -> 316.91716 | CG18: 2332 | CH18: 0.24438011 | CI18: -7370.0107 | CJ18: 4864847.8 | CK18: =1/MAX(CH18,0.000000001)^4 -> 280.37327 | CL18: 3209 | CM18: 0.26384386 | CN18: -7370.0107 | CO18: 4864847.8 | CP18: =1/MAX(CM18,0.000000001)^4 -> 206.35359 | CQ18: 2526 | CR18: 0.28002112 | CS18: -7370.0107 | CT18: 4864847.8 | CU18: =1/MAX(CR18,0.000000001)^4 -> 162.64354 | CV18: 3111 | CW18: 0.28540271 | CX18: -7370.0107 | CY18: 4864847.8 | CZ18: =1/MAX(CW18,0.000000001)^4 -> 150.71888 | DA18: 2428 | DB18: 0.29899791 | DC18: -7366.0959 | DD18: 4864845.6 | DE18: =1/MAX(DB18,0.000000001)^4 -> 125.12019 | DF18: 2329 | DG18: 0.30896703 | DH18: -7363.2823 | DI18: 4864844 | DJ18: =1/MAX(DG18,0.000000001)^4 -> 109.73659 | DK18: 2720 | DL18: 0.31062795 | DM18: -7370.0107 | DN18: 4864847.8 | DO18: =1/MAX(DL18,0.000000001)^4 -> 107.40831 | DP18: 2721 | DQ18: 0.31751788 | DR18: -7372.8029 | DS18: 4864849.3 | DT18: =1/MAX(DQ18,0.000000001)^4 -> 98.384624 | DU18: 2623 | DV18: 0.32044285 | DW18: -7372.8029 | DX18: 4864849.3 | DY18: =1/MAX(DV18,0.000000001)^4 -> 94.841339 | DZ18: 2820 | EA18: 0.32109935 | EB18: -7370.0107 | EC18: 4864847.8 | ED18: =1/MAX(EA18,0.000000001)^4 -> 94.068079 | EE18: 2525 | EF18: 0.32139034 | EG18: -7372.8029 | EH18: 4864849.3 | EI18: =1/MAX(EF18,0.000000001)^4 -> 93.72786
A19: 5 | B19: 2 | C19: 4 | D19: 2 | E19: 4 | F19: =IF(B19=D19,1,0) -> 1 | G19: =IF(C19=E19,1,0) -> 1 | H19: =F19*G19 -> 1 | I19: -7365.8249 | J19: 4864842.8 | K19: 6 | L19: 6 | M19: -7369.0474 | N19: 4864847 | O19: =((X19*V19+AC19*AA19+AH19*AF19+AM19*AK19+AR19*AP19+AW19*AU19+BB19*AZ19+BG19*BE19+BL19*BJ19+BQ19*BO19+BV19*BT19+CA19*BY19)/(X19+AC19+AH19+AM19+AR19+AW19+BB19+BG19+BL19+BQ19+BV19+CA19)+(CF19*CD19+CK19*CI19+CP19*CN19+CU19*CS19+CZ19*CX19+DE19*DC19+DJ19*DH19+DO19*DM19+DT19*DR19+DY19*DW19+ED19*EB19+EI19*EG19)/(CF19+CK19+CP19+CU19+CZ19+DE19+DJ19+DO19+DT19+DY19+ED19+EI19))/2 -> -7369.0474 | P19: =((X19*W19+AC19*AB19+AH19*AG19+AM19*AL19+AR19*AQ19+AW19*AV19+BB19*BA19+BG19*BF19+BL19*BK19+BQ19*BP19+BV19*BU19+CA19*BZ19)/(X19+AC19+AH19+AM19+AR19+AW19+BB19+BG19+BL19+BQ19+BV19+CA19)+(CF19*CE19+CK19*CJ19+CP19*CO19+CU19*CT19+CZ19*CY19+DE19*DD19+DJ19*DI19+DO19*DN19+DT19*DS19+DY19*DX19+ED19*EC19+EI19*EH19)/(CF19+CK19+CP19+CU19+CZ19+DE19+DJ19+DO19+DT19+DY19+ED19+EI19))/2 -> 4864847 | Q19: =IF(AND(ABS(O19-M19)<0.000001,ABS(P19-N19)<0.000001),1,0) -> 1 | R19: =SQRT((I19-O19)^2+(J19-P19)^2) -> 5.2333322 | S19: =R19*'8_HeSo_Mercator'!$B$7 -> 4.0093938 | T19: 3212 | U19: 0.21879855 | V19: -7372.8029 | W19: 4864849.3 | X19: =1/MAX(U19,0.000000001)^4 -> 436.33723 | Y19: 2626 | Z19: 0.23242883 | AA19: -7363.2823 | AB19: 4864844 | AC19: =1/MAX(Z19,0.000000001)^4 -> 342.64152 | AD19: 3114 | AE19: 0.23287486 | AF19: -7372.8029 | AG19: 4864849.3 | AH19: =1/MAX(AE19,0.000000001)^4 -> 340.02399 | AI19: 2530 | AJ19: 0.23422234 | AK19: -7363.2823 | AL19: 4864844 | AM19: =1/MAX(AJ19,0.000000001)^4 -> 332.26664 | AN19: 2921 | AO19: 0.24796666 | AP19: -7363.2823 | AQ19: 4864844 | AR19: =1/MAX(AO19,0.000000001)^4 -> 264.50071 | AS19: 2721 | AT19: 0.25276396 | AU19: -7372.8029 | AV19: 4864849.3 | AW19: =1/MAX(AT19,0.000000001)^4 -> 244.98494 | AX19: 2623 | AY19: 0.25345833 | AZ19: -7372.8029 | BA19: 4864849.3 | BB19: =1/MAX(AY19,0.000000001)^4 -> 242.31132 | BC19: 2815 | BD19: 0.25438549 | BE19: -7372.8029 | BF19: 4864849.3 | BG19: =1/MAX(BD19,0.000000001)^4 -> 238.79799 | BH19: 3147 | BI19: 0.26347946 | BJ19: -7366.2424 | BK19: 4864841.1 | BL19: =1/MAX(BI19,0.000000001)^4 -> 207.49752 | BM19: 3112 | BN19: 0.2636367 | BO19: -7363.2823 | BP19: 4864844 | BQ19: =1/MAX(BN19,0.000000001)^4 -> 207.00294 | BR19: 2329 | BS19: 0.26369496 | BT19: -7363.2823 | BU19: 4864844 | BV19: =1/MAX(BS19,0.000000001)^4 -> 206.82006 | BW19: 2822 | BX19: 0.26752077 | BY19: -7363.2823 | BZ19: 4864844 | CA19: =1/MAX(BX19,0.000000001)^4 -> 195.24054 | CB19: 3212 | CC19: 0.20444067 | CD19: -7372.8029 | CE19: 4864849.3 | CF19: =1/MAX(CC19,0.000000001)^4 -> 572.44114 | CG19: 3114 | CH19: 0.20931516 | CI19: -7372.8029 | CJ19: 4864849.3 | CK19: =1/MAX(CH19,0.000000001)^4 -> 520.95147 | CL19: 2623 | CM19: 0.22688325 | CN19: -7372.8029 | CO19: 4864849.3 | CP19: =1/MAX(CM19,0.000000001)^4 -> 377.3899 | CQ19: 2721 | CR19: 0.22872232 | CS19: -7372.8029 | CT19: 4864849.3 | CU19: =1/MAX(CR19,0.000000001)^4 -> 365.39773 | CV19: 2815 | CW19: 0.22996501 | CX19: -7372.8029 | CY19: 4864849.3 | CZ19: =1/MAX(CW19,0.000000001)^4 -> 357.56329 | DA19: 2530 | DB19: 0.23291797 | DC19: -7363.2823 | DD19: 4864844 | DE19: =1/MAX(DB19,0.000000001)^4 -> 339.77233 | DF19: 2626 | DG19: 0.23950806 | DH19: -7363.2823 | DI19: 4864844 | DJ19: =1/MAX(DG19,0.000000001)^4 -> 303.89215 | DK19: 2525 | DL19: 0.241301 | DM19: -7372.8029 | DN19: 4864849.3 | DO19: =1/MAX(DL19,0.000000001)^4 -> 294.96028 | DP19: 2921 | DQ19: 0.24905699 | DR19: -7363.2823 | DS19: 4864844 | DT19: =1/MAX(DQ19,0.000000001)^4 -> 259.89926 | DU19: 2425 | DV19: 0.25171653 | DW19: -7370.0107 | DX19: 4864847.8 | DY19: =1/MAX(DV19,0.000000001)^4 -> 249.08813 | DZ19: 2428 | EA19: 0.25669518 | EB19: -7366.0959 | EC19: 4864845.6 | ED19: =1/MAX(EA19,0.000000001)^4 -> 230.31866 | EE19: 2653 | EF19: 0.2602225 | EG19: -7374.3475 | EH19: 4864845.6 | EI19: =1/MAX(EF19,0.000000001)^4 -> 218.08242
A20: 6 | B20: 0 | C20: 2 | D20: 0 | E20: 2 | F20: =IF(B20=D20,1,0) -> 1 | G20: =IF(C20=E20,1,0) -> 1 | H20: =F20*G20 -> 1 | I20: -7641.4993 | J20: 4864922.4 | K20: 3 | L20: 3 | M20: -7644.6317 | N20: 4864922.8 | O20: =((X20*V20+AC20*AA20+AH20*AF20+AM20*AK20+AR20*AP20+AW20*AU20+BB20*AZ20+BG20*BE20+BL20*BJ20+BQ20*BO20+BV20*BT20+CA20*BY20)/(X20+AC20+AH20+AM20+AR20+AW20+BB20+BG20+BL20+BQ20+BV20+CA20)+(CF20*CD20+CK20*CI20+CP20*CN20+CU20*CS20+CZ20*CX20+DE20*DC20+DJ20*DH20+DO20*DM20+DT20*DR20+DY20*DW20+ED20*EB20+EI20*EG20)/(CF20+CK20+CP20+CU20+CZ20+DE20+DJ20+DO20+DT20+DY20+ED20+EI20))/2 -> -7644.6317 | P20: =((X20*W20+AC20*AB20+AH20*AG20+AM20*AL20+AR20*AQ20+AW20*AV20+BB20*BA20+BG20*BF20+BL20*BK20+BQ20*BP20+BV20*BU20+CA20*BZ20)/(X20+AC20+AH20+AM20+AR20+AW20+BB20+BG20+BL20+BQ20+BV20+CA20)+(CF20*CE20+CK20*CJ20+CP20*CO20+CU20*CT20+CZ20*CY20+DE20*DD20+DJ20*DI20+DO20*DN20+DT20*DS20+DY20*DX20+ED20*EC20+EI20*EH20)/(CF20+CK20+CP20+CU20+CZ20+DE20+DJ20+DO20+DT20+DY20+ED20+EI20))/2 -> 4864922.8 | Q20: =IF(AND(ABS(O20-M20)<0.000001,ABS(P20-N20)<0.000001),1,0) -> 1 | R20: =SQRT((I20-O20)^2+(J20-P20)^2) -> 3.159742 | S20: =R20*'8_HeSo_Mercator'!$B$7 -> 2.4207616 | T20: 11340 | U20: 0.14177468 | V20: -7641.3298 | W20: 4864920.6 | X20: =1/MAX(U20,0.000000001)^4 -> 2475.1714 | Y20: 10881 | Z20: 0.1538033 | AA20: -7644.0349 | AB20: 4864930.1 | AC20: =1/MAX(Z20,0.000000001)^4 -> 1787.0527 | AD20: 9049 | AE20: 0.16468457 | AF20: -7646.2863 | AG20: 4864932.3 | AH20: =1/MAX(AE20,0.000000001)^4 -> 1359.5285 | AI20: 7170 | AJ20: 0.17079962 | AK20: -7653.3433 | AL20: 4864921 | AM20: =1/MAX(AJ20,0.000000001)^4 -> 1175.0394 | AN20: 8598 | AO20: 0.17406645 | AP20: -7641.3298 | AQ20: 4864920.6 | AR20: =1/MAX(AO20,0.000000001)^4 -> 1089.2806 | AS20: 8158 | AT20: 0.18490283 | AU20: -7641.3298 | AV20: 4864920.6 | AW20: =1/MAX(AT20,0.000000001)^4 -> 855.51127 | AX20: 11232 | AY20: 0.19946751 | AZ20: -7653.3433 | BA20: 4864921 | BB20: =1/MAX(AY20,0.000000001)^4 -> 631.70062 | BC20: 8496 | BD20: 0.1995638 | BE20: -7653.3433 | BF20: 4864921 | BG20: =1/MAX(BD20,0.000000001)^4 -> 630.48231 | BH20: 9513 | BI20: 0.20705607 | BJ20: -7639.691 | BK20: 4864914.9 | BL20: =1/MAX(BI20,0.000000001)^4 -> 544.0617 | BM20: 9976 | BN20: 0.20721927 | BO20: -7640.6792 | BP20: 4864913.5 | BQ20: =1/MAX(BN20,0.000000001)^4 -> 542.34976 | BR20: 10420 | BS20: 0.21532965 | BT20: -7641.3298 | BU20: 4864920.6 | BV20: =1/MAX(BS20,0.000000001)^4 -> 465.14108 | BW20: 7280 | BX20: 0.21601933 | BY20: -7641.3298 | BZ20: 4864920.6 | CA20: =1/MAX(BX20,0.000000001)^4 -> 459.22928 | CB20: 11340 | CC20: 0.11836127 | CD20: -7641.3298 | CE20: 4864920.6 | CF20: =1/MAX(CC20,0.000000001)^4 -> 5095.2036 | CG20: 9049 | CH20: 0.13307792 | CI20: -7646.2863 | CJ20: 4864932.3 | CK20: =1/MAX(CH20,0.000000001)^4 -> 3188.4231 | CL20: 10881 | CM20: 0.14598154 | CN20: -7644.0349 | CO20: 4864930.1 | CP20: =1/MAX(CM20,0.000000001)^4 -> 2201.9542 | CQ20: 8598 | CR20: 0.14711521 | CS20: -7641.3298 | CT20: 4864920.6 | CU20: =1/MAX(CR20,0.000000001)^4 -> 2134.8616 | CV20: 7170 | CW20: 0.14834831 | CX20: -7653.3433 | CY20: 4864921 | CZ20: =1/MAX(CW20,0.000000001)^4 -> 2064.7603 | DA20: 8158 | DB20: 0.15492342 | DC20: -7641.3298 | DD20: 4864920.6 | DE20: =1/MAX(DB20,0.000000001)^4 -> 1735.9278 | DF20: 11232 | DG20: 0.16384059 | DH20: -7653.3433 | DI20: 4864921 | DJ20: =1/MAX(DG20,0.000000001)^4 -> 1387.7588 | DK20: 8496 | DL20: 0.16717059 | DM20: -7653.3433 | DN20: 4864921 | DO20: =1/MAX(DL20,0.000000001)^4 -> 1280.4436 | DP20: 11342 | DQ20: 0.17587744 | DR20: -7639.691 | DS20: 4864914.9 | DT20: =1/MAX(DQ20,0.000000001)^4 -> 1045.1039 | DU20: 7280 | DV20: 0.17945547 | DW20: -7641.3298 | DX20: 4864920.6 | DY20: =1/MAX(DV20,0.000000001)^4 -> 964.2134 | DZ20: 10420 | EA20: 0.17999296 | EB20: -7641.3298 | EC20: 4864920.6 | ED20: =1/MAX(EA20,0.000000001)^4 -> 952.74767 | EE20: 9513 | EF20: 0.1877684 | EG20: -7639.691 | EH20: 4864914.9 | EI20: =1/MAX(EF20,0.000000001)^4 -> 804.47015
A21: 7 | B21: 2 | C21: 2 | D21: 2 | E21: 2 | F21: =IF(B21=D21,1,0) -> 1 | G21: =IF(C21=E21,1,0) -> 1 | H21: =F21*G21 -> 1 | I21: -7338.8072 | J21: 4864825.5 | K21: -6 | L21: -6 | M21: -7326.49 | N21: 4864822.2 | O21: =((X21*V21+AC21*AA21+AH21*AF21+AM21*AK21+AR21*AP21+AW21*AU21+BB21*AZ21+BG21*BE21+BL21*BJ21+BQ21*BO21+BV21*BT21+CA21*BY21)/(X21+AC21+AH21+AM21+AR21+AW21+BB21+BG21+BL21+BQ21+BV21+CA21)+(CF21*CD21+CK21*CI21+CP21*CN21+CU21*CS21+CZ21*CX21+DE21*DC21+DJ21*DH21+DO21*DM21+DT21*DR21+DY21*DW21+ED21*EB21+EI21*EG21)/(CF21+CK21+CP21+CU21+CZ21+DE21+DJ21+DO21+DT21+DY21+ED21+EI21))/2 -> -7326.49 | P21: =((X21*W21+AC21*AB21+AH21*AG21+AM21*AL21+AR21*AQ21+AW21*AV21+BB21*BA21+BG21*BF21+BL21*BK21+BQ21*BP21+BV21*BU21+CA21*BZ21)/(X21+AC21+AH21+AM21+AR21+AW21+BB21+BG21+BL21+BQ21+BV21+CA21)+(CF21*CE21+CK21*CJ21+CP21*CO21+CU21*CT21+CZ21*CY21+DE21*DD21+DJ21*DI21+DO21*DN21+DT21*DS21+DY21*DX21+ED21*EC21+EI21*EH21)/(CF21+CK21+CP21+CU21+CZ21+DE21+DJ21+DO21+DT21+DY21+ED21+EI21))/2 -> 4864822.2 | Q21: =IF(AND(ABS(O21-M21)<0.000001,ABS(P21-N21)<0.000001),1,0) -> 1 | R21: =SQRT((I21-O21)^2+(J21-P21)^2) -> 12.730963 | S21: =R21*'8_HeSo_Mercator'!$B$7 -> 9.753526 | T21: 13563 | U21: 0.35823673 | V21: -7330.6683 | W21: 4864825.9 | X21: =1/MAX(U21,0.000000001)^4 -> 60.718291 | Y21: 9329 | Z21: 0.36855858 | AA21: -7332.1088 | AB21: 4864822.2 | AC21: =1/MAX(Z21,0.000000001)^4 -> 54.196832 | AD21: 10240 | AE21: 0.37110473 | AF21: -7325.2341 | AG21: 4864818.4 | AH21: =1/MAX(AE21,0.000000001)^4 -> 52.724688 | AI21: 13250 | AJ21: 0.37688013 | AK21: -7337.5242 | AL21: 4864829.7 | AM21: =1/MAX(AJ21,0.000000001)^4 -> 49.566361 | AN21: 13249 | AO21: 0.37724209 | AP21: -7330.6683 | AQ21: 4864825.9 | AR21: =1/MAX(AO21,0.000000001)^4 -> 49.376401 | AS21: 13881 | AT21: 0.3812835 | AU21: -7330.6683 | AV21: 4864825.9 | AW21: =1/MAX(AT21,0.000000001)^4 -> 47.315992 | AX21: 14045 | AY21: 0.38186835 | AZ21: -7330.6683 | BA21: 4864825.9 | BB21: =1/MAX(AY21,0.000000001)^4 -> 47.026792 | BC21: 12946 | BD21: 0.38282634 | BE21: -7316.9068 | BF21: 4864818.3 | BG21: =1/MAX(BD21,0.000000001)^4 -> 46.557833 | BH21: 10663 | BI21: 0.38329285 | BJ21: -7330.6683 | BK21: 4864825.9 | BL21: =1/MAX(BI21,0.000000001)^4 -> 46.33158 | BM21: 13720 | BN21: 0.38443344 | BO21: -7330.6683 | BP21: 4864825.9 | BQ21: =1/MAX(BN21,0.000000001)^4 -> 45.784171 | BR21: 11153 | BS21: 0.38488688 | BT21: -7330.7869 | BU21: 4864821.4 | BV21: =1/MAX(BS21,0.000000001)^4 -> 45.568799 | BW21: 13103 | BX21: 0.38586848 | BY21: -7330.6683 | BZ21: 4864825.9 | CA21: =1/MAX(BX21,0.000000001)^4 -> 45.106881 | CB21: 10240 | CC21: 0.34334201 | CD21: -7325.2341 | CE21: 4864818.4 | CF21: =1/MAX(CC21,0.000000001)^4 -> 71.960172 | CG21: 13563 | CH21: 0.34828576 | CI21: -7330.6683 | CJ21: 4864825.9 | CK21: =1/MAX(CH21,0.000000001)^4 -> 67.96059 | CL21: 13882 | CM21: 0.360036 | CN21: -7321.0383 | CO21: 4864820.6 | CP21: =1/MAX(CM21,0.000000001)^4 -> 59.513611 | CQ21: 13253 | CR21: 0.36270025 | CS21: -7321.0383 | CT21: 4864820.6 | CU21: =1/MAX(CR21,0.000000001)^4 -> 57.784133 | CV21: 13582 | CW21: 0.36768848 | CX21: -7316.8672 | CY21: 4864813.7 | CZ21: =1/MAX(CW21,0.000000001)^4 -> 54.711662 | DA21: 12946 | DB21: 0.36837866 | DC21: -7316.9068 | DD21: 4864818.3 | DE21: =1/MAX(DB21,0.000000001)^4 -> 54.302789 | DF21: 14051 | DG21: 0.36966065 | DH21: -7321.0383 | DI21: 4864820.6 | DJ21: =1/MAX(DG21,0.000000001)^4 -> 53.55341 | DK21: 13724 | DL21: 0.37176793 | DM21: -7321.0383 | DN21: 4864820.6 | DO21: =1/MAX(DL21,0.000000001)^4 -> 52.349471 | DP21: 11153 | DQ21: 0.37177716 | DR21: -7330.7869 | DS21: 4864821.4 | DT21: =1/MAX(DQ21,0.000000001)^4 -> 52.344273 | DU21: 13881 | DV21: 0.37369292 | DW21: -7330.6683 | DX21: 4864825.9 | DY21: =1/MAX(DV21,0.000000001)^4 -> 51.279112 | DZ21: 13422 | EA21: 0.37468602 | EB21: -7316.8672 | EC21: 4864813.7 | ED21: =1/MAX(EA21,0.000000001)^4 -> 50.737614 | EE21: 13402 | EF21: 0.37479563 | EG21: -7323.8833 | EH21: 4864822.2 | EI21: =1/MAX(EF21,0.000000001)^4 -> 50.678285
A22: 8 | B22: 2 | C22: 3 | D22: 2 | E22: 3 | F22: =IF(B22=D22,1,0) -> 1 | G22: =IF(C22=E22,1,0) -> 1 | H22: =F22*G22 -> 1 | I22: -7379.3517 | J22: 4864849.2 | K22: -6 | L22: -6 | M22: -7369.5369 | N22: 4864847.6 | O22: =((X22*V22+AC22*AA22+AH22*AF22+AM22*AK22+AR22*AP22+AW22*AU22+BB22*AZ22+BG22*BE22+BL22*BJ22+BQ22*BO22+BV22*BT22+CA22*BY22)/(X22+AC22+AH22+AM22+AR22+AW22+BB22+BG22+BL22+BQ22+BV22+CA22)+(CF22*CD22+CK22*CI22+CP22*CN22+CU22*CS22+CZ22*CX22+DE22*DC22+DJ22*DH22+DO22*DM22+DT22*DR22+DY22*DW22+ED22*EB22+EI22*EG22)/(CF22+CK22+CP22+CU22+CZ22+DE22+DJ22+DO22+DT22+DY22+ED22+EI22))/2 -> -7369.5369 | P22: =((X22*W22+AC22*AB22+AH22*AG22+AM22*AL22+AR22*AQ22+AW22*AV22+BB22*BA22+BG22*BF22+BL22*BK22+BQ22*BP22+BV22*BU22+CA22*BZ22)/(X22+AC22+AH22+AM22+AR22+AW22+BB22+BG22+BL22+BQ22+BV22+CA22)+(CF22*CE22+CK22*CJ22+CP22*CO22+CU22*CT22+CZ22*CY22+DE22*DD22+DJ22*DI22+DO22*DN22+DT22*DS22+DY22*DX22+ED22*EC22+EI22*EH22)/(CF22+CK22+CP22+CU22+CZ22+DE22+DJ22+DO22+DT22+DY22+ED22+EI22))/2 -> 4864847.6 | Q22: =IF(AND(ABS(O22-M22)<0.000001,ABS(P22-N22)<0.000001),1,0) -> 1 | R22: =SQRT((I22-O22)^2+(J22-P22)^2) -> 9.944531 | S22: =R22*'8_HeSo_Mercator'!$B$7 -> 7.6187673 | T22: 1944 | U22: 0.23351641 | V22: -7366.0959 | W22: 4864845.6 | X22: =1/MAX(U22,0.000000001)^4 -> 336.3027 | Y22: 13185 | Z22: 0.24269008 | AA22: -7370.0106 | AB22: 4864847.8 | AC22: =1/MAX(Z22,0.000000001)^4 -> 288.26498 | AD22: 1882 | AE22: 0.24710407 | AF22: -7366.0959 | AG22: 4864845.6 | AH22: =1/MAX(AE22,0.000000001)^4 -> 268.21337 | AI22: 1691 | AJ22: 0.24769492 | AK22: -7363.2824 | AL22: 4864844 | AM22: =1/MAX(AJ22,0.000000001)^4 -> 265.66332 | AN22: 2127 | AO22: 0.26277273 | AP22: -7363.2824 | AQ22: 4864844 | AR22: =1/MAX(AO22,0.000000001)^4 -> 209.73881 | AS22: 10095 | AT22: 0.26344245 | AU22: -7372.803 | AV22: 4864849.3 | AW22: =1/MAX(AT22,0.000000001)^4 -> 207.61415 | AX22: 13327 | AY22: 0.26367024 | AZ22: -7377.8466 | BA22: 4864852.8 | BB22: =1/MAX(AY22,0.000000001)^4 -> 206.89766 | BC22: 13334 | BD22: 0.26748008 | BE22: -7370.0106 | BF22: 4864847.8 | BG22: =1/MAX(BD22,0.000000001)^4 -> 195.35935 | BH22: 13482 | BI22: 0.27264982 | BJ22: -7377.8466 | BK22: 4864852.8 | BL22: =1/MAX(BI22,0.000000001)^4 -> 180.95857 | BM22: 9181 | BN22: 0.27431549 | BO22: -7372.803 | BP22: 4864849.3 | BQ22: =1/MAX(BN22,0.000000001)^4 -> 176.60325 | BR22: 13491 | BS22: 0.27548127 | BT22: -7370.0106 | BU22: 4864847.8 | BV22: =1/MAX(BS22,0.000000001)^4 -> 173.63277 | BW22: 8266 | BX22: 0.27873487 | BY22: -7377.0964 | BZ22: 4864854.2 | CA22: =1/MAX(BX22,0.000000001)^4 -> 165.66654 | CB22: 1944 | CC22: 0.22372692 | CD22: -7366.0959 | CE22: 4864845.6 | CF22: =1/MAX(CC22,0.000000001)^4 -> 399.14164 | CG22: 1882 | CH22: 0.24437086 | CI22: -7366.0959 | CJ22: 4864845.6 | CK22: =1/MAX(CH22,0.000000001)^4 -> 280.4157 | CL22: 1691 | CM22: 0.2510739 | CN22: -7363.2824 | CO22: 4864844 | CP22: =1/MAX(CM22,0.000000001)^4 -> 251.64813 | CQ22: 13185 | CR22: 0.25449981 | CS22: -7370.0106 | CT22: 4864847.8 | CU22: =1/MAX(CR22,0.000000001)^4 -> 238.36922 | CV22: 2127 | CW22: 0.25579412 | CX22: -7363.2824 | CY22: 4864844 | CZ22: =1/MAX(CW22,0.000000001)^4 -> 233.58115 | DA22: 10095 | DB22: 0.26087087 | DC22: -7372.803 | DD22: 4864849.3 | DE22: =1/MAX(DB22,0.000000001)^4 -> 215.92236 | DF22: 13327 | DG22: 0.27057978 | DH22: -7377.8466 | DI22: 4864852.8 | DJ22: =1/MAX(DG22,0.000000001)^4 -> 186.56004 | DK22: 13184 | DL22: 0.27715339 | DM22: -7366.0959 | DN22: 4864845.6 | DO22: =1/MAX(DL22,0.000000001)^4 -> 169.4803 | DP22: 9181 | DQ22: 0.27741106 | DR22: -7372.803 | DS22: 4864849.3 | DT22: =1/MAX(DQ22,0.000000001)^4 -> 168.85149 | DU22: 13482 | DV22: 0.27943133 | DW22: -7377.8466 | DX22: 4864852.8 | DY22: =1/MAX(DV22,0.000000001)^4 -> 164.02106 | DZ22: 8266 | EA22: 0.27956379 | EB22: -7377.0964 | EC22: 4864854.2 | ED22: =1/MAX(EA22,0.000000001)^4 -> 163.71043 | EE22: 2247 | EF22: 0.27983429 | EG22: -7366.2424 | EH22: 4864841.1 | EI22: =1/MAX(EF22,0.000000001)^4 -> 163.07833
A23: 9 | B23: 2 | C23: 3 | D23: 2 | E23: 3 | F23: =IF(B23=D23,1,0) -> 1 | G23: =IF(C23=E23,1,0) -> 1 | H23: =F23*G23 -> 1 | I23: -7340.5588 | J23: 4864758.9 | K23: -6 | L23: 3 | M23: -7351.2717 | N23: 4864764 | O23: =((X23*V23+AC23*AA23+AH23*AF23+AM23*AK23+AR23*AP23+AW23*AU23+BB23*AZ23+BG23*BE23+BL23*BJ23+BQ23*BO23+BV23*BT23+CA23*BY23)/(X23+AC23+AH23+AM23+AR23+AW23+BB23+BG23+BL23+BQ23+BV23+CA23)+(CF23*CD23+CK23*CI23+CP23*CN23+CU23*CS23+CZ23*CX23+DE23*DC23+DJ23*DH23+DO23*DM23+DT23*DR23+DY23*DW23+ED23*EB23+EI23*EG23)/(CF23+CK23+CP23+CU23+CZ23+DE23+DJ23+DO23+DT23+DY23+ED23+EI23))/2 -> -7351.2717 | P23: =((X23*W23+AC23*AB23+AH23*AG23+AM23*AL23+AR23*AQ23+AW23*AV23+BB23*BA23+BG23*BF23+BL23*BK23+BQ23*BP23+BV23*BU23+CA23*BZ23)/(X23+AC23+AH23+AM23+AR23+AW23+BB23+BG23+BL23+BQ23+BV23+CA23)+(CF23*CE23+CK23*CJ23+CP23*CO23+CU23*CT23+CZ23*CY23+DE23*DD23+DJ23*DI23+DO23*DN23+DT23*DS23+DY23*DX23+ED23*EC23+EI23*EH23)/(CF23+CK23+CP23+CU23+CZ23+DE23+DJ23+DO23+DT23+DY23+ED23+EI23))/2 -> 4864764 | Q23: =IF(AND(ABS(O23-M23)<0.000001,ABS(P23-N23)<0.000001),1,0) -> 1 | R23: =SQRT((I23-O23)^2+(J23-P23)^2) -> 11.835844 | S23: =R23*'8_HeSo_Mercator'!$B$7 -> 9.0677522 | T23: 2894 | U23: 0.45698635 | V23: -7348.8982 | W23: 4864756.6 | X23: =1/MAX(U23,0.000000001)^4 -> 22.929104 | Y23: 2992 | Z23: 0.4944331 | AA23: -7349.2796 | AB23: 4864758.8 | AC23: =1/MAX(Z23,0.000000001)^4 -> 16.732847 | AD23: 3225 | AE23: 0.50593801 | AF23: -7315.7434 | AG23: 4864802.1 | AH23: =1/MAX(AE23,0.000000001)^4 -> 15.261976 | AI23: 2891 | AJ23: 0.50594114 | AK23: -7349.2796 | AL23: 4864758.8 | AM23: =1/MAX(AJ23,0.000000001)^4 -> 15.261598 | AN23: 974 | AO23: 0.51267315 | AP23: -7356.9781 | AQ23: 4864761 | AR23: =1/MAX(AO23,0.000000001)^4 -> 14.475638 | AS23: 2932 | AT23: 0.51523424 | AU23: -7316.4574 | AV23: 4864800.8 | AW23: =1/MAX(AT23,0.000000001)^4 -> 14.189958 | AX23: 540 | AY23: 0.51685031 | AZ23: -7356.9781 | BA23: 4864761 | BB23: =1/MAX(AY23,0.000000001)^4 -> 14.013314 | BC23: 1080 | BD23: 0.51770922 | BE23: -7363.9961 | BF23: 4864764.9 | BG23: =1/MAX(BD23,0.000000001)^4 -> 13.92055 | BH23: 544 | BI23: 0.519702 | BJ23: -7352.9322 | BK23: 4864754.6 | BL23: =1/MAX(BI23,0.000000001)^4 -> 13.708264 | BM23: 215 | BN23: 0.52179123 | BO23: -7355.6705 | BP23: 4864760.3 | BQ23: =1/MAX(BN23,0.000000001)^4 -> 13.490029 | BR23: 2595 | BS23: 0.52271932 | BT23: -7356.9781 | BU23: 4864761 | BV23: =1/MAX(BS23,0.000000001)^4 -> 13.394478 | BW23: 99 | BX23: 0.52326555 | BY23: -7363.9961 | BZ23: 4864764.9 | CA23: =1/MAX(BX23,0.000000001)^4 -> 13.338637 | CB23: 2992 | CC23: 0.43633295 | CD23: -7349.2796 | CE23: 4864758.8 | CF23: =1/MAX(CC23,0.000000001)^4 -> 27.588491 | CG23: 2891 | CH23: 0.44658034 | CI23: -7349.2796 | CJ23: 4864758.8 | CK23: =1/MAX(CH23,0.000000001)^4 -> 25.142104 | CL23: 2799 | CM23: 0.44982267 | CN23: -7349.2796 | CO23: 4864758.8 | CP23: =1/MAX(CM23,0.000000001)^4 -> 24.425004 | CQ23: 2599 | CR23: 0.45135541 | CS23: -7349.2796 | CT23: 4864758.8 | CU23: =1/MAX(CR23,0.000000001)^4 -> 24.094914 | CV23: 2894 | CW23: 0.45398619 | CX23: -7348.8982 | CY23: 4864756.6 | CZ23: =1/MAX(CW23,0.000000001)^4 -> 23.541246 | DA23: 2789 | DB23: 0.47116056 | DC23: -7363.0383 | DD23: 4864766.4 | DE23: =1/MAX(DB23,0.000000001)^4 -> 20.291973 | DF23: 2688 | DG23: 0.47204128 | DH23: -7361.5407 | DI23: 4864765.6 | DJ23: =1/MAX(DG23,0.000000001)^4 -> 20.140957 | DK23: 2700 | DL23: 0.47241472 | DM23: -7349.2796 | DN23: 4864758.8 | DO23: =1/MAX(DL23,0.000000001)^4 -> 20.077347 | DP23: 2596 | DQ23: 0.47475052 | DR23: -7361.5407 | DS23: 4864765.6 | DT23: =1/MAX(DQ23,0.000000001)^4 -> 19.685126 | DU23: 2503 | DV23: 0.47623932 | DW23: -7349.2796 | DX23: 4864758.8 | DY23: =1/MAX(DV23,0.000000001)^4 -> 19.440123 | DZ23: 2787 | EA23: 0.47671136 | EB23: -7361.5407 | EC23: 4864765.6 | ED23: =1/MAX(EA23,0.000000001)^4 -> 19.363239 | EE23: 2496 | EF23: 0.47735303 | EG23: -7361.5407 | EH23: 4864765.6 | EI23: =1/MAX(EF23,0.000000001)^4 -> 19.259334
A24: 10 | B24: 2 | C24: 2 | D24: 2 | E24: 2 | F24: =IF(B24=D24,1,0) -> 1 | G24: =IF(C24=E24,1,0) -> 1 | H24: =F24*G24 -> 1 | I24: -7357.5313 | J24: 4864765.8 | K24: -3 | L24: -3 | M24: -7357.7318 | N24: 4864765.5 | O24: =((X24*V24+AC24*AA24+AH24*AF24+AM24*AK24+AR24*AP24+AW24*AU24+BB24*AZ24+BG24*BE24+BL24*BJ24+BQ24*BO24+BV24*BT24+CA24*BY24)/(X24+AC24+AH24+AM24+AR24+AW24+BB24+BG24+BL24+BQ24+BV24+CA24)+(CF24*CD24+CK24*CI24+CP24*CN24+CU24*CS24+CZ24*CX24+DE24*DC24+DJ24*DH24+DO24*DM24+DT24*DR24+DY24*DW24+ED24*EB24+EI24*EG24)/(CF24+CK24+CP24+CU24+CZ24+DE24+DJ24+DO24+DT24+DY24+ED24+EI24))/2 -> -7357.7318 | P24: =((X24*W24+AC24*AB24+AH24*AG24+AM24*AL24+AR24*AQ24+AW24*AV24+BB24*BA24+BG24*BF24+BL24*BK24+BQ24*BP24+BV24*BU24+CA24*BZ24)/(X24+AC24+AH24+AM24+AR24+AW24+BB24+BG24+BL24+BQ24+BV24+CA24)+(CF24*CE24+CK24*CJ24+CP24*CO24+CU24*CT24+CZ24*CY24+DE24*DD24+DJ24*DI24+DO24*DN24+DT24*DS24+DY24*DX24+ED24*EC24+EI24*EH24)/(CF24+CK24+CP24+CU24+CZ24+DE24+DJ24+DO24+DT24+DY24+ED24+EI24))/2 -> 4864765.5 | Q24: =IF(AND(ABS(O24-M24)<0.000001,ABS(P24-N24)<0.000001),1,0) -> 1 | R24: =SQRT((I24-O24)^2+(J24-P24)^2) -> 0.43569489 | S24: =R24*'8_HeSo_Mercator'!$B$7 -> 0.33379734 | T24: 1856 | U24: 0.29754116 | V24: -7356.4576 | W24: 4864764.8 | X24: =1/MAX(U24,0.000000001)^4 -> 127.58857 | Y24: 2220 | Z24: 0.31803769 | AA24: -7359.4401 | AB24: 4864766.4 | AC24: =1/MAX(Z24,0.000000001)^4 -> 97.742991 | AD24: 2160 | AE24: 0.32163415 | AF24: -7359.4401 | AG24: 4864766.4 | AH24: =1/MAX(AE24,0.000000001)^4 -> 93.443989 | AI24: 1794 | AJ24: 0.3219453 | AK24: -7356.4576 | AL24: 4864764.8 | AM24: =1/MAX(AJ24,0.000000001)^4 -> 93.083277 | AN24: 1854 | AO24: 0.32629433 | AP24: -7359.4401 | AQ24: 4864766.4 | AR24: =1/MAX(AO24,0.000000001)^4 -> 88.218956 | AS24: 2041 | AT24: 0.32760303 | AU24: -7359.4401 | AV24: 4864766.4 | AW24: =1/MAX(AT24,0.000000001)^4 -> 86.817716 | AX24: 2044 | AY24: 0.33482791 | AZ24: -7356.4576 | BA24: 4864764.8 | BB24: =1/MAX(AY24,0.000000001)^4 -> 79.563412 | BC24: 1726 | BD24: 0.33688001 | BE24: -7359.4401 | BF24: 4864766.4 | BG24: =1/MAX(BD24,0.000000001)^4 -> 77.642415 | BH24: 1981 | BI24: 0.34570537 | BJ24: -7356.4576 | BK24: 4864764.8 | BL24: =1/MAX(BI24,0.000000001)^4 -> 70.012485 | BM24: 2223 | BN24: 0.35353897 | BO24: -7356.4576 | BP24: 4864764.8 | BQ24: =1/MAX(BN24,0.000000001)^4 -> 64.010445 | BR24: 2043 | BS24: 0.3650369 | BT24: -7356.4576 | BU24: 4864764.8 | BV24: =1/MAX(BS24,0.000000001)^4 -> 56.318741 | BW24: 1727 | BX24: 0.36820071 | BY24: -7356.4576 | BZ24: 4864764.8 | CA24: =1/MAX(BX24,0.000000001)^4 -> 54.407846 | CB24: 1856 | CC24: 0.28815552 | CD24: -7356.4576 | CE24: 4864764.8 | CF24: =1/MAX(CC24,0.000000001)^4 -> 145.04148 | CG24: 1794 | CH24: 0.31812707 | CI24: -7356.4576 | CJ24: 4864764.8 | CK24: =1/MAX(CH24,0.000000001)^4 -> 97.633191 | CL24: 2220 | CM24: 0.32437655 | CN24: -7359.4401 | CO24: 4864766.4 | CP24: =1/MAX(CM24,0.000000001)^4 -> 90.323804 | CQ24: 1854 | CR24: 0.33045126 | CS24: -7359.4401 | CT24: 4864766.4 | CU24: =1/MAX(CR24,0.000000001)^4 -> 83.86299 | CV24: 2044 | CW24: 0.33235598 | CX24: -7356.4576 | CY24: 4864764.8 | CZ24: =1/MAX(CW24,0.000000001)^4 -> 81.956993 | DA24: 2160 | DB24: 0.33539234 | DC24: -7359.4401 | DD24: 4864766.4 | DE24: =1/MAX(DB24,0.000000001)^4 -> 79.029173 | DF24: 2041 | DG24: 0.34024292 | DH24: -7359.4401 | DI24: 4864766.4 | DJ24: =1/MAX(DG24,0.000000001)^4 -> 74.617997 | DK24: 1981 | DL24: 0.34377213 | DM24: -7356.4576 | DN24: 4864764.8 | DO24: =1/MAX(DL24,0.000000001)^4 -> 71.600708 | DP24: 1726 | DQ24: 0.34749189 | DR24: -7359.4401 | DS24: 4864766.4 | DT24: =1/MAX(DQ24,0.000000001)^4 -> 68.58376 | DU24: 2223 | DV24: 0.3519571 | DW24: -7356.4576 | DX24: 4864764.8 | DY24: =1/MAX(DV24,0.000000001)^4 -> 65.169001 | DZ24: 1920 | EA24: 0.35891918 | EB24: -7356.4576 | EC24: 4864764.8 | ED24: =1/MAX(EA24,0.000000001)^4 -> 60.257811 | EE24: 2043 | EF24: 0.3602889 | EG24: -7356.4576 | EH24: 4864764.8 | EI24: =1/MAX(EF24,0.000000001)^4 -> 59.346685
A25: 11 | B25: 2 | C25: 0 | D25: 2 | E25: 0 | F25: =IF(B25=D25,1,0) -> 1 | G25: =IF(C25=E25,1,0) -> 1 | H25: =F25*G25 -> 1 | I25: -7345.0852 | J25: 4864830.8 | K25: -6 | L25: 6 | M25: -7337.0563 | N25: 4864824.9 | O25: =((X25*V25+AC25*AA25+AH25*AF25+AM25*AK25+AR25*AP25+AW25*AU25+BB25*AZ25+BG25*BE25+BL25*BJ25+BQ25*BO25+BV25*BT25+CA25*BY25)/(X25+AC25+AH25+AM25+AR25+AW25+BB25+BG25+BL25+BQ25+BV25+CA25)+(CF25*CD25+CK25*CI25+CP25*CN25+CU25*CS25+CZ25*CX25+DE25*DC25+DJ25*DH25+DO25*DM25+DT25*DR25+DY25*DW25+ED25*EB25+EI25*EG25)/(CF25+CK25+CP25+CU25+CZ25+DE25+DJ25+DO25+DT25+DY25+ED25+EI25))/2 -> -7337.0563 | P25: =((X25*W25+AC25*AB25+AH25*AG25+AM25*AL25+AR25*AQ25+AW25*AV25+BB25*BA25+BG25*BF25+BL25*BK25+BQ25*BP25+BV25*BU25+CA25*BZ25)/(X25+AC25+AH25+AM25+AR25+AW25+BB25+BG25+BL25+BQ25+BV25+CA25)+(CF25*CE25+CK25*CJ25+CP25*CO25+CU25*CT25+CZ25*CY25+DE25*DD25+DJ25*DI25+DO25*DN25+DT25*DS25+DY25*DX25+ED25*EC25+EI25*EH25)/(CF25+CK25+CP25+CU25+CZ25+DE25+DJ25+DO25+DT25+DY25+ED25+EI25))/2 -> 4864824.9 | Q25: =IF(AND(ABS(O25-M25)<0.000001,ABS(P25-N25)<0.000001),1,0) -> 1 | R25: =SQRT((I25-O25)^2+(J25-P25)^2) -> 9.964745 | S25: =R25*'8_HeSo_Mercator'!$B$7 -> 7.6342538 | T25: 6643 | U25: 0.2327324 | V25: -7345.4118 | W25: 4864829.6 | X25: =1/MAX(U25,0.000000001)^4 -> 340.85729 | Y25: 6830 | Z25: 0.23877109 | AA25: -7345.4118 | AB25: 4864829.6 | AC25: =1/MAX(Z25,0.000000001)^4 -> 307.6614 | AD25: 6459 | AE25: 0.25823936 | AF25: -7338.7533 | AG25: 4864825.9 | AH25: =1/MAX(AE25,0.000000001)^4 -> 224.85897 | AI25: 7011 | AJ25: 0.26229098 | AK25: -7345.4118 | AL25: 4864829.6 | AM25: =1/MAX(AJ25,0.000000001)^4 -> 211.28397 | AN25: 7010 | AO25: 0.26325195 | AP25: -7338.7533 | AQ25: 4864825.9 | AR25: =1/MAX(AO25,0.000000001)^4 -> 208.21575 | AS25: 6734 | AT25: 0.26351465 | AU25: -7345.4118 | AV25: 4864829.6 | AW25: =1/MAX(AT25,0.000000001)^4 -> 207.38673 | AX25: 6552 | AY25: 0.26418884 | AZ25: -7345.4118 | BA25: 4864829.6 | BB25: =1/MAX(AY25,0.000000001)^4 -> 205.27788 | BC25: 6918 | BD25: 0.27298916 | BE25: -7345.4118 | BF25: 4864829.6 | BG25: =1/MAX(BD25,0.000000001)^4 -> 180.06048 | BH25: 6462 | BI25: 0.27451701 | BJ25: -7345.4118 | BK25: 4864829.6 | BL25: =1/MAX(BI25,0.000000001)^4 -> 176.08524 | BM25: 7102 | BN25: 0.28685103 | BO25: -7345.4118 | BP25: 4864829.6 | BQ25: =1/MAX(BN25,0.000000001)^4 -> 147.6979 | BR25: 6732 | BS25: 0.29198364 | BT25: -7352.5552 | BU25: 4864833.5 | BV25: =1/MAX(BS25,0.000000001)^4 -> 137.58336 | BW25: 5842 | BX25: 0.29664335 | BY25: -7338.7533 | BZ25: 4864825.9 | CA25: =1/MAX(BX25,0.000000001)^4 -> 129.14023 | CB25: 6166 | CC25: 0.24801312 | CD25: -7329.4037 | CE25: 4864820.7 | CF25: =1/MAX(CC25,0.000000001)^4 -> 264.30257 | CG25: 5213 | CH25: 0.24922571 | CI25: -7329.4037 | CJ25: 4864820.7 | CK25: =1/MAX(CH25,0.000000001)^4 -> 259.19619 | CL25: 6061 | CM25: 0.25009488 | CN25: -7329.4037 | CO25: 4864820.7 | CP25: =1/MAX(CM25,0.000000001)^4 -> 255.61175 | CQ25: 5727 | CR25: 0.25685471 | CS25: -7329.4037 | CT25: 4864820.7 | CU25: =1/MAX(CR25,0.000000001)^4 -> 229.747 | CV25: 5419 | CW25: 0.25695799 | CX25: -7329.4037 | CY25: 4864820.7 | CZ25: =1/MAX(CW25,0.000000001)^4 -> 229.37787 | DA25: 5839 | DB25: 0.25817578 | DC25: -7329.4037 | DD25: 4864820.7 | DE25: =1/MAX(DB25,0.000000001)^4 -> 225.08057 | DF25: 5949 | DG25: 0.26120121 | DH25: -7329.4037 | DI25: 4864820.7 | DJ25: =1/MAX(DG25,0.000000001)^4 -> 214.83216 | DK25: 5518 | DL25: 0.26849992 | DM25: -7329.4037 | DN25: 4864820.7 | DO25: =1/MAX(DL25,0.000000001)^4 -> 192.4081 | DP25: 5626 | DQ25: 0.27777699 | DR25: -7329.4037 | DS25: 4864820.7 | DT25: =1/MAX(DQ25,0.000000001)^4 -> 167.96351 | DU25: 6922 | DV25: 0.29451649 | DW25: -7333.1832 | DX25: 4864822.8 | DY25: =1/MAX(DV25,0.000000001)^4 -> 132.91119 | DZ25: 7107 | EA25: 0.29510043 | EB25: -7333.1832 | EC25: 4864822.8 | ED25: =1/MAX(EA25,0.000000001)^4 -> 131.86229 | EE25: 6466 | EF25: 0.29849851 | EG25: -7329.4037 | EH25: 4864820.7 | EI25: =1/MAX(EF25,0.000000001)^4 -> 125.95961
A26: 12 | B26: 2 | C26: 2 | D26: 2 | E26: 2 | F26: =IF(B26=D26,1,0) -> 1 | G26: =IF(C26=E26,1,0) -> 1 | H26: =F26*G26 -> 1 | I26: -7344.1827 | J26: 4864754.2 | K26: -6 | L26: -6 | M26: -7347.6886 | N26: 4864759.2 | O26: =((X26*V26+AC26*AA26+AH26*AF26+AM26*AK26+AR26*AP26+AW26*AU26+BB26*AZ26+BG26*BE26+BL26*BJ26+BQ26*BO26+BV26*BT26+CA26*BY26)/(X26+AC26+AH26+AM26+AR26+AW26+BB26+BG26+BL26+BQ26+BV26+CA26)+(CF26*CD26+CK26*CI26+CP26*CN26+CU26*CS26+CZ26*CX26+DE26*DC26+DJ26*DH26+DO26*DM26+DT26*DR26+DY26*DW26+ED26*EB26+EI26*EG26)/(CF26+CK26+CP26+CU26+CZ26+DE26+DJ26+DO26+DT26+DY26+ED26+EI26))/2 -> -7347.6886 | P26: =((X26*W26+AC26*AB26+AH26*AG26+AM26*AL26+AR26*AQ26+AW26*AV26+BB26*BA26+BG26*BF26+BL26*BK26+BQ26*BP26+BV26*BU26+CA26*BZ26)/(X26+AC26+AH26+AM26+AR26+AW26+BB26+BG26+BL26+BQ26+BV26+CA26)+(CF26*CE26+CK26*CJ26+CP26*CO26+CU26*CT26+CZ26*CY26+DE26*DD26+DJ26*DI26+DO26*DN26+DT26*DS26+DY26*DX26+ED26*EC26+EI26*EH26)/(CF26+CK26+CP26+CU26+CZ26+DE26+DJ26+DO26+DT26+DY26+ED26+EI26))/2 -> 4864759.2 | Q26: =IF(AND(ABS(O26-M26)<0.000001,ABS(P26-N26)<0.000001),1,0) -> 1 | R26: =SQRT((I26-O26)^2+(J26-P26)^2) -> 6.0910183 | S26: =R26*'8_HeSo_Mercator'!$B$7 -> 4.6664897 | T26: 1794 | U26: 0.29594589 | V26: -7356.4576 | W26: 4864764.8 | X26: =1/MAX(U26,0.000000001)^4 -> 130.36191 | Y26: 1856 | Z26: 0.30644124 | AA26: -7356.4576 | AB26: 4864764.8 | AC26: =1/MAX(Z26,0.000000001)^4 -> 113.39951 | AD26: 1795 | AE26: 0.31084006 | AF26: -7343.7335 | AG26: 4864754.5 | AH26: =1/MAX(AE26,0.000000001)^4 -> 107.11544 | AI26: 1734 | AJ26: 0.312216 | AK26: -7343.7335 | AL26: 4864754.5 | AM26: =1/MAX(AJ26,0.000000001)^4 -> 105.23964 | AN26: 1860 | AO26: 0.31243209 | AP26: -7344.375 | AQ26: 4864757.6 | AR26: =1/MAX(AO26,0.000000001)^4 -> 104.9488 | AS26: 2105 | AT26: 0.31868577 | AU26: -7344.375 | AV26: 4864757.6 | AW26: =1/MAX(AT26,0.000000001)^4 -> 96.950339 | AX26: 1729 | AY26: 0.32151176 | AZ26: -7344.375 | BA26: 4864757.6 | BB26: =1/MAX(AY26,0.000000001)^4 -> 93.586364 | BC26: 2103 | BD26: 0.32167319 | BE26: -7356.4576 | BF26: 4864764.8 | BG26: =1/MAX(BD26,0.000000001)^4 -> 93.398642 | BH26: 1921 | BI26: 0.32385803 | BJ26: -7344.375 | BK26: 4864757.6 | BL26: =1/MAX(BI26,0.000000001)^4 -> 90.903655 | BM26: 2220 | BN26: 0.32432608 | BO26: -7359.4401 | BP26: 4864766.4 | BQ26: =1/MAX(BN26,0.000000001)^4 -> 90.380038 | BR26: 1987 | BS26: 0.32469442 | BT26: -7341.3081 | BU26: 4864756.2 | BV26: =1/MAX(BS26,0.000000001)^4 -> 89.970618 | BW26: 2165 | BX26: 0.3285662 | BY26: -7344.375 | BZ26: 4864757.6 | CA26: =1/MAX(BX26,0.000000001)^4 -> 85.804179 | CB26: 1795 | CC26: 0.3079284 | CD26: -7343.7335 | CE26: 4864754.5 | CF26: =1/MAX(CC26,0.000000001)^4 -> 111.22465 | CG26: 1734 | CH26: 0.31215167 | CI26: -7343.7335 | CJ26: 4864754.5 | CK26: =1/MAX(CH26,0.000000001)^4 -> 105.32643 | CL26: 1794 | CM26: 0.31249862 | CN26: -7356.4576 | CO26: 4864764.8 | CP26: =1/MAX(CM26,0.000000001)^4 -> 104.85945 | CQ26: 1856 | CR26: 0.31926994 | CS26: -7356.4576 | CT26: 4864764.8 | CU26: =1/MAX(CR26,0.000000001)^4 -> 96.24272 | CV26: 1729 | CW26: 0.31987455 | CX26: -7344.375 | CY26: 4864757.6 | CZ26: =1/MAX(CW26,0.000000001)^4 -> 95.51713 | DA26: 1860 | DB26: 0.32103165 | DC26: -7344.375 | DD26: 4864757.6 | DE26: =1/MAX(DB26,0.000000001)^4 -> 94.147454 | DF26: 2106 | DG26: 0.32414148 | DH26: -7338.0094 | DI26: 4864757.4 | DJ26: =1/MAX(DG26,0.000000001)^4 -> 90.586103 | DK26: 1921 | DL26: 0.32586546 | DM26: -7344.375 | DN26: 4864757.6 | DO26: =1/MAX(DL26,0.000000001)^4 -> 88.684292 | DP26: 2165 | DQ26: 0.32665406 | DR26: -7344.375 | DS26: 4864757.6 | DT26: =1/MAX(DQ26,0.000000001)^4 -> 87.830981 | DU26: 2105 | DV26: 0.32779312 | DW26: -7344.375 | DX26: 4864757.6 | DY26: =1/MAX(DV26,0.000000001)^4 -> 86.616502 | DZ26: 2220 | EA26: 0.32840134 | EB26: -7359.4401 | EC26: 4864766.4 | ED26: =1/MAX(EA26,0.000000001)^4 -> 85.976609 | EE26: 1987 | EF26: 0.33344157 | EG26: -7341.3081 | EH26: 4864756.2 | EI26: =1/MAX(EF26,0.000000001)^4 -> 80.89488
A27: 13 | B27: 2 | C27: 0 | D27: 2 | E27: 0 | F27: =IF(B27=D27,1,0) -> 1 | G27: =IF(C27=E27,1,0) -> 1 | H27: =F27*G27 -> 1 | I27: -7372.664 | J27: 4864844.4 | K27: -3 | L27: -6 | M27: -7368.3754 | N27: 4864842.3 | O27: =((X27*V27+AC27*AA27+AH27*AF27+AM27*AK27+AR27*AP27+AW27*AU27+BB27*AZ27+BG27*BE27+BL27*BJ27+BQ27*BO27+BV27*BT27+CA27*BY27)/(X27+AC27+AH27+AM27+AR27+AW27+BB27+BG27+BL27+BQ27+BV27+CA27)+(CF27*CD27+CK27*CI27+CP27*CN27+CU27*CS27+CZ27*CX27+DE27*DC27+DJ27*DH27+DO27*DM27+DT27*DR27+DY27*DW27+ED27*EB27+EI27*EG27)/(CF27+CK27+CP27+CU27+CZ27+DE27+DJ27+DO27+DT27+DY27+ED27+EI27))/2 -> -7368.3754 | P27: =((X27*W27+AC27*AB27+AH27*AG27+AM27*AL27+AR27*AQ27+AW27*AV27+BB27*BA27+BG27*BF27+BL27*BK27+BQ27*BP27+BV27*BU27+CA27*BZ27)/(X27+AC27+AH27+AM27+AR27+AW27+BB27+BG27+BL27+BQ27+BV27+CA27)+(CF27*CE27+CK27*CJ27+CP27*CO27+CU27*CT27+CZ27*CY27+DE27*DD27+DJ27*DI27+DO27*DN27+DT27*DS27+DY27*DX27+ED27*EC27+EI27*EH27)/(CF27+CK27+CP27+CU27+CZ27+DE27+DJ27+DO27+DT27+DY27+ED27+EI27))/2 -> 4864842.3 | Q27: =IF(AND(ABS(O27-M27)<0.000001,ABS(P27-N27)<0.000001),1,0) -> 1 | R27: =SQRT((I27-O27)^2+(J27-P27)^2) -> 4.7785165 | S27: =R27*'8_HeSo_Mercator'!$B$7 -> 3.6609474 | T27: 6445 | U27: 0.29080253 | V27: -7366.2566 | W27: 4864841.1 | X27: =1/MAX(U27,0.000000001)^4 -> 139.83222 | Y27: 6540 | Z27: 0.29256758 | AA27: -7366.2566 | AB27: 4864841.1 | AC27: =1/MAX(Z27,0.000000001)^4 -> 136.48823 | AD27: 6355 | AE27: 0.30205841 | AF27: -7366.2566 | AG27: 4864841.1 | AH27: =1/MAX(AE27,0.000000001)^4 -> 120.12579 | AI27: 6075 | AJ27: 0.30440772 | AK27: -7367.4099 | AL27: 4864841.8 | AM27: =1/MAX(AJ27,0.000000001)^4 -> 116.46015 | AN27: 6811 | AO27: 0.30744851 | AP27: -7367.4099 | AQ27: 4864841.8 | AR27: =1/MAX(AO27,0.000000001)^4 -> 111.92071 | AS27: 6903 | AT27: 0.31208154 | AU27: -7367.4099 | AV27: 4864841.8 | AW27: =1/MAX(AT27,0.000000001)^4 -> 105.42113 | AX27: 5535 | AY27: 0.31254001 | AZ27: -7366.2566 | BA27: 4864841.1 | BB27: =1/MAX(AY27,0.000000001)^4 -> 104.80392 | BC27: 6988 | BD27: 0.31391209 | BE27: -7367.4099 | BF27: 4864841.8 | BG27: =1/MAX(BD27,0.000000001)^4 -> 102.98355 | BH27: 6631 | BI27: 0.31487445 | BJ27: -7366.2566 | BK27: 4864841.1 | BL27: =1/MAX(BI27,0.000000001)^4 -> 101.73029 | BM27: 6263 | BN27: 0.31754833 | BO27: -7377.0783 | BP27: 4864843 | BQ27: =1/MAX(BN27,0.000000001)^4 -> 98.346901 | BR27: 6622 | BS27: 0.31807736 | BT27: -7374.3125 | BU27: 4864845.6 | BV27: =1/MAX(BS27,0.000000001)^4 -> 97.69424 | BW27: 6192 | BX27: 0.31831058 | BY27: -7367.4099 | BZ27: 4864841.8 | CA27: =1/MAX(BX27,0.000000001)^4 -> 97.408238 | CB27: 6540 | CC27: 0.27237576 | CD27: -7366.2566 | CE27: 4864841.1 | CF27: =1/MAX(CC27,0.000000001)^4 -> 181.68797 | CG27: 6445 | CH27: 0.27824631 | CI27: -7366.2566 | CJ27: 4864841.1 | CK27: =1/MAX(CH27,0.000000001)^4 -> 166.83315 | CL27: 6262 | CM27: 0.28735581 | CN27: -7366.2566 | CO27: 4864841.1 | CP27: =1/MAX(CM27,0.000000001)^4 -> 146.66283 | CQ27: 6622 | CR27: 0.28869631 | CS27: -7374.3125 | CT27: 4864845.6 | CU27: =1/MAX(CR27,0.000000001)^4 -> 143.95775 | CV27: 6631 | CW27: 0.28983808 | CX27: -7366.2566 | CY27: 4864841.1 | CZ27: =1/MAX(CW27,0.000000001)^4 -> 141.70273 | DA27: 6988 | DB27: 0.29028194 | DC27: -7367.4099 | DD27: 4864841.8 | DE27: =1/MAX(DB27,0.000000001)^4 -> 140.83802 | DF27: 5332 | DG27: 0.29443278 | DH27: -7366.2566 | DI27: 4864841.1 | DJ27: =1/MAX(DG27,0.000000001)^4 -> 133.06241 | DK27: 7085 | DL27: 0.29544947 | DM27: -7366.2566 | DN27: 4864841.1 | DO27: =1/MAX(DL27,0.000000001)^4 -> 131.24027 | DP27: 6256 | DQ27: 0.29673903 | DR27: -7374.3125 | DS27: 4864845.6 | DT27: =1/MAX(DQ27,0.000000001)^4 -> 128.97375 | DU27: 6808 | DV27: 0.29748117 | DW27: -7377.1335 | DX27: 4864851.8 | DY27: =1/MAX(DV27,0.000000001)^4 -> 127.69153 | DZ27: 6903 | EA27: 0.29941264 | EB27: -7367.4099 | EC27: 4864841.8 | ED27: =1/MAX(EA27,0.000000001)^4 -> 124.42839 | EE27: 6811 | EF27: 0.2996588 | EG27: -7367.4099 | EH27: 4864841.8 | EI27: =1/MAX(EF27,0.000000001)^4 -> 124.02003
... A1126: 1112 | B1126: 0 | C1126: 0 | D1126: 0 | E1126: 0 | F1126: =IF(B1126=D1126,1,0) -> 1 | G1126: =IF(C1126=E1126,1,0) -> 1 | H1126: =F1126*G1126 -> 1 | I1126: -7637.9441 | J1126: 4864903.5 | K1126: 6 | L1126: 6 | M1126: -7639.4718 | N1126: 4864913.4 | O1126: =((X1126*V1126+AC1126*AA1126+AH1126*AF1126+AM1126*AK1126+AR1126*AP1126+AW1126*AU1126+BB1126*AZ1126+BG1126*BE1126+BL1126*BJ1126+BQ1126*BO1126+BV1126*BT1126+CA1126*BY1126)/(X1126+AC1126+AH1126+AM1126+AR1126+AW1126+BB1126+BG1126+BL1126+BQ1126+BV1126+CA1126)+(CF1126*CD1126+CK1126*CI1126+CP1126*CN1126+CU1126*CS1126+CZ1126*CX1126+DE1126*DC1126+DJ1126*DH1126+DO1126*DM1126+DT1126*DR1126+DY1126*DW1126+ED1126*EB1126+EI1126*EG1126)/(CF1126+CK1126+CP1126+CU1126+CZ1126+DE1126+DJ1126+DO1126+DT1126+DY1126+ED1126+EI1126))/2 -> -7639.4718 | P1126: =((X1126*W1126+AC1126*AB1126+AH1126*AG1126+AM1126*AL1126+AR1126*AQ1126+AW1126*AV1126+BB1126*BA1126+BG1126*BF1126+BL1126*BK1126+BQ1126*BP1126+BV1126*BU1126+CA1126*BZ1126)/(X1126+AC1126+AH1126+AM1126+AR1126+AW1126+BB1126+BG1126+BL1126+BQ1126+BV1126+CA1126)+(CF1126*CE1126+CK1126*CJ1126+CP1126*CO1126+CU1126*CT1126+CZ1126*CY1126+DE1126*DD1126+DJ1126*DI1126+DO1126*DN1126+DT1126*DS1126+DY1126*DX1126+ED1126*EC1126+EI1126*EH1126)/(CF1126+CK1126+CP1126+CU1126+CZ1126+DE1126+DJ1126+DO1126+DT1126+DY1126+ED1126+EI1126))/2 -> 4864913.4 | Q1126: =IF(AND(ABS(O1126-M1126)<0.000001,ABS(P1126-N1126)<0.000001),1,0) -> 1 | R1126: =SQRT((I1126-O1126)^2+(J1126-P1126)^2) -> 10.023223 | S1126: =R1126*'8_HeSo_Mercator'!$B$7 -> 7.6790554 | T1126: 8055 | U1126: 0.19725602 | V1126: -7639.1362 | W1126: 4864913.3 | X1126: =1/MAX(U1126,0.000000001)^4 -> 660.50928 | Y1126: 8943 | Z1126: 0.2392007 | AA1126: -7639.6495 | AB1126: 4864915 | AC1126: =1/MAX(Z1126,0.000000001)^4 -> 305.4571 | AD1126: 11230 | AE1126: 0.24927803 | AF1126: -7636.9602 | AG1126: 4864905.7 | AH1126: =1/MAX(AE1126,0.000000001)^4 -> 258.97867 | AI1126: 8056 | AJ1126: 0.25063927 | AK1126: -7640.704 | AL1126: 4864913.6 | AM1126: =1/MAX(AJ1126,0.000000001)^4 -> 253.39819 | AN1126: 10312 | AO1126: 0.25120784 | AP1126: -7639.1362 | AQ1126: 4864913.3 | AR1126: =1/MAX(AO1126,0.000000001)^4 -> 251.11188 | AS1126: 7168 | AT1126: 0.25663303 | AU1126: -7639.6495 | AV1126: 4864915 | AW1126: =1/MAX(AT1126,0.000000001)^4 -> 230.54185 | AX1126: 8944 | AY1126: 0.26541579 | AZ1126: -7640.704 | BA1126: 4864913.6 | BB1126: =1/MAX(AY1126,0.000000001)^4 -> 201.50833 | BC1126: 9856 | BD1126: 0.26629008 | BE1126: -7639.6495 | BF1126: 4864915 | BG1126: =1/MAX(BD1126,0.000000001)^4 -> 198.87492 | BH1126: 11226 | BI1126: 0.26802779 | BJ1126: -7639.1362 | BK1126: 4864913.3 | BL1126: =1/MAX(BI1126,0.000000001)^4 -> 193.76739 | BM1126: 10767 | BN1126: 0.26865606 | BO1126: -7639.6495 | BP1126: 4864915 | BQ1126: =1/MAX(BN1126,0.000000001)^4 -> 191.9612 | BR1126: 8053 | BS1126: 0.26953049 | BT1126: -7639.6495 | BU1126: 4864915 | BV1126: =1/MAX(BS1126,0.000000001)^4 -> 189.48219 | BW1126: 9855 | BX1126: 0.27000369 | BY1126: -7639.1362 | BZ1126: 4864913.3 | CA1126: =1/MAX(BX1126,0.000000001)^4 -> 188.15736 | CB1126: 8055 | CC1126: 0.19344156 | CD1126: -7639.1362 | CE1126: 4864913.3 | CF1126: =1/MAX(CC1126,0.000000001)^4 -> 714.16872 | CG1126: 8943 | CH1126: 0.21055623 | CI1126: -7639.6495 | CJ1126: 4864915 | CK1126: =1/MAX(CH1126,0.000000001)^4 -> 508.77715 | CL1126: 8056 | CM1126: 0.21766536 | CN1126: -7640.704 | CO1126: 4864913.6 | CP1126: =1/MAX(CM1126,0.000000001)^4 -> 445.49491 | CQ1126: 9856 | CR1126: 0.22322496 | CS1126: -7639.6495 | CT1126: 4864915 | CU1126: =1/MAX(CR1126,0.000000001)^4 -> 402.74394 | CV1126: 9403 | CW1126: 0.23223669 | CX1126: -7640.704 | CY1126: 4864913.6 | CZ1126: =1/MAX(CW1126,0.000000001)^4 -> 343.77689 | DA1126: 7168 | DB1126: 0.23280168 | DC1126: -7639.6495 | DD1126: 4864915 | DE1126: =1/MAX(DB1126,0.000000001)^4 -> 340.45177 | DF1126: 8053 | DG1126: 0.23396158 | DH1126: -7639.6495 | DI1126: 4864915 | DJ1126: =1/MAX(DG1126,0.000000001)^4 -> 333.7504 | DK1126: 10767 | DL1126: 0.23506814 | DM1126: -7639.6495 | DN1126: 4864915 | DO1126: =1/MAX(DL1126,0.000000001)^4 -> 327.51027 | DP1126: 9855 | DQ1126: 0.23950321 | DR1126: -7639.1362 | DS1126: 4864913.3 | DT1126: =1/MAX(DQ1126,0.000000001)^4 -> 303.91678 | DU1126: 11230 | DV1126: 0.24062821 | DW1126: -7636.9602 | DX1126: 4864905.7 | DY1126: =1/MAX(DV1126,0.000000001)^4 -> 298.2729 | DZ1126: 8944 | EA1126: 0.24338866 | EB1126: -7640.704 | EC1126: 4864913.6 | ED1126: =1/MAX(EA1126,0.000000001)^4 -> 284.96966 | EE1126: 10312 | EF1126: 0.24397469 | EG1126: -7639.1362 | EH1126: 4864913.3 | EI1126: =1/MAX(EF1126,0.000000001)^4 -> 282.24152

Sheet 7_TongHop
A1: Chỉ số | B1: Mô hình cũ: Excel | C1: Mô hình cũ: báo cáo | D1: Khớp? | E1: Mô hình tối ưu: Excel | F1: Mô hình tối ưu: báo cáo | G1: Khớp?
A2: Độ chính xác tòa nhà | B2: ='5_DuDoan_kNN_cu'!B4 -> 0.98739874 | C2: 0.987399 | D2: =IF(ABS(B2-C2)<=0.0001,"KHỚP","LỆCH") -> KHỚP | E2: ='6_DuDoan_ToiUu'!B4 -> 0.99909991 | F2: 0.9991 | G2: =IF(ABS(E2-F2)<=0.0001,"KHỚP","LỆCH") -> KHỚP
A3: Độ chính xác tầng | B3: ='5_DuDoan_kNN_cu'!B5 -> 0.87938794 | C3: 0.879388 | D3: =IF(ABS(B3-C3)<=0.0001,"KHỚP","LỆCH") -> KHỚP | E3: ='6_DuDoan_ToiUu'!B5 -> 0.94689469 | F3: 0.946895 | G3: =IF(ABS(E3-F3)<=0.0001,"KHỚP","LỆCH") -> KHỚP
A4: Độ chính xác joint (tòa nhà + tầng) | B4: ='5_DuDoan_kNN_cu'!B6 -> 0.87758776 | C4: 0.877588 | D4: =IF(ABS(B4-C4)<=0.0001,"KHỚP","LỆCH") -> KHỚP | E4: ='6_DuDoan_ToiUu'!B6 -> 0.94689469 | F4: 0.946895 | G4: =IF(ABS(E4-F4)<=0.0001,"KHỚP","LỆCH") -> KHỚP
A5: Sai số TB (m thực địa) | B5: ='5_DuDoan_kNN_cu'!B9 -> 9.2770297 | C5: 9.277 | D5: =IF(ABS(B5-C5)<=0.0001,"KHỚP","LỆCH") -> KHỚP | E5: ='6_DuDoan_ToiUu'!B9 -> 5.3558231 | F5: 5.3558 | G5: =IF(ABS(E5-F5)<=0.0001,"KHỚP","LỆCH") -> KHỚP
A6: Trung vị (m thực địa) | B6: ='5_DuDoan_kNN_cu'!B10 -> 4.6095608 | C6: 4.6096 | D6: =IF(ABS(B6-C6)<=0.0001,"KHỚP","LỆCH") -> KHỚP | E6: ='6_DuDoan_ToiUu'!B10 -> 3.5224509 | F6: 3.5224 | G6: =IF(ABS(E6-F6)<=0.0001,"KHỚP","LỆCH") -> KHỚP
A7: Phân vị 90 (m thực địa) | B7: ='5_DuDoan_kNN_cu'!B11 -> 17.021232 | C7: 17.0212 | D7: =IF(ABS(B7-C7)<=0.0001,"KHỚP","LỆCH") -> KHỚP | E7: ='6_DuDoan_ToiUu'!B11 -> 11.892222 | F7: 11.8922 | G7: =IF(ABS(E7-F7)<=0.0001,"KHỚP","LỆCH") -> KHỚP
A10: Chữ xanh lá = liên kết tới ô tổng hợp của sheet 5 và 6 (không phải số gõ tay).

Sheet 8_HeSo_Mercator
A1: Vì sao nhân 0,766126: toạ độ của UJIIndoorLoc là Web Mercator (EPSG:3857), phóng đại khoảng cách 1/cos(vĩ độ) lần ở vĩ độ ~40°.
A2: LATITUDE nhỏ nhất của trainingData (m, Web Mercator) | B2: 4864745.7
A3: LATITUDE lớn nhất | B3: 4865016.7
A4: Bán kính trục lớn WGS84 R (m) | B4: 6378137
A5: y tâm = (min + max) / 2 | B5: =(B2+B3)/2 -> 4864881.2
A6: Vĩ độ (độ) = DEGREES(2*ATAN(EXP(y/R)) - PI()/2) | B6: =DEGREES(2*ATAN(EXP(B5/B4))-PI()/2) -> 39.992698
A7: Hệ số mét thực địa = COS(vĩ độ) | B7: =COS(RADIANS(B6)) -> 0.76612636
A8: Hệ số dùng trong code (ips_model.py) | B8: 0.766126
A9: Kiểm tra (làm tròn 6 chữ số) | B9: =IF(ROUND(B7,6)=B8,"KHỚP","LỆCH") -> KHỚP

Sheet 9_KiemTra_Python
A1: Nguồn | B1: Run / mô hình | C1: Phép kiểm tra | D1: Kết quả | E1: Chi tiết
A2: huim_checks.json | B2: A_signal__1.9294pct | C2: 1 threshold | D2: PASS | E2: 1.9294% x 9,058,242.0000 = 174,769.7211; huim_runs.csv says 174,769.7211
A3: huim_checks.json | B3: A_signal__1.9294pct | C3: 2 q(i,T) and p(i) | D3: PASS | E3: q identical: True; max |p_project - p_here| = 0.00e+00 over 520 WAPs, 0.00e+00 over the 0 WAPs at the 1e-6 floor (MI ~ 0)
A4: huim_checks.json | B4: A_signal__1.9294pct | C4: 3 soundness u(X) >= minUtil | D4: PASS | E4: 853 HUIs (saved list A_signal__1.9294pct.jsonl.gz); smallest recomputed u(X) = 174,772.0000 vs minUtil 174,769.7211; 0 below
A5: huim_checks.json | B5: A_signal__1.9294pct | C5: 4 exact utilities | D5: PASS | E5: max relative difference EFIM vs recomputed = 0.00e+00
A6: huim_checks.json | B6: A_signal__1.9294pct | C6: 5 exact supports | D6: PASS | E6: 0 supports differ
A7: huim_checks.json | B7: A_signal__1.9294pct | C7: 6 completeness length 1 | D7: PASS | E7: exhaustive search finds 0 itemsets with u >= minUtil, EFIM reported 0; missing 0, extra 0
A8: huim_checks.json | B8: A_signal__1.9294pct | C8: 6 completeness length 2 | D8: PASS | E8: exhaustive search finds 3 itemsets with u >= minUtil, EFIM reported 3; missing 0, extra 0
A9: huim_checks.json | B9: A_signal__1.9294pct | C9: 6 completeness length 3 | D9: PASS | E9: exhaustive search finds 8 itemsets with u >= minUtil, EFIM reported 8; missing 0, extra 0
A10: huim_checks.json | B10: A_signal__1.9294pct | C10: 7 WAP union = IPS feature set | D10: PASS | E10: union of HUIs = 86 WAPs; ips_results.csv uses 86
A11: huim_checks.json | B11: B_discriminative__2pct | C11: 1 threshold | D11: PASS | E11: 2% x 4,354,299.0649 = 87,085.9813; huim_runs.csv says 87,085.9813
A12: huim_checks.json | B12: B_discriminative__2pct | C12: 2 q(i,T) and p(i) | D12: PASS | E12: q identical: True; max |p_project - p_here| = 3.13e-10 over 465 WAPs, 1.00e-06 over the 55 WAPs at the 1e-6 floor (MI ~ 0)
... A29: huim_checks.json | B29: C_rare_discriminative__1.7321pct | C29: 7 WAP union = IPS feature set | D29: PASS | E29: union of HUIs = 91 WAPs; ips_results.csv uses 91
A30: positioning_checks.json | C30: Web Mercator factor vs ips_model.py | D30: PASS | E30: tính lại 0.766126 / báo cáo 0.766126
A31: positioning_checks.json | C31: study k-NN: building accuracy | D31: PASS | E31: tính lại 0.987399 / báo cáo 0.987399
A32: positioning_checks.json | C32: study k-NN: floor accuracy | D32: PASS | E32: tính lại 0.879388 / báo cáo 0.879388
A33: positioning_checks.json | C33: study k-NN: joint accuracy | D33: PASS | E33: tính lại 0.877588 / báo cáo 0.877588
A34: positioning_checks.json | C34: study k-NN: (x, y) = weighted mean of neighbours | D34: PASS | E34: tính lại 9.313225746154785e-10 / báo cáo 0.0
A35: positioning_checks.json | C35: study k-NN: mean error, projected m | D35: PASS | E35: tính lại 12.109007 / báo cáo 12.109
A36: positioning_checks.json | C36: study k-NN: mean error, ground m | D36: PASS | E36: tính lại 9.27703 / báo cáo 9.277
A37: positioning_checks.json | C37: study k-NN: median error, ground m | D37: PASS | E37: tính lại 4.609561 / báo cáo 4.6096
A38: positioning_checks.json | C38: study k-NN: p75 error, ground m | D38: PASS | E38: tính lại 9.388287 / báo cáo 9.3883
A39: positioning_checks.json | C39: study k-NN: p90 error, ground m | D39: PASS | E39: tính lại 17.021232 / báo cáo 17.0212
A40: positioning_checks.json | C40: study k-NN: p95 error, ground m | D40: PASS | E40: tính lại 27.814136 / báo cáo 27.8141
A41: positioning_checks.json | C41: optimised: building accuracy | D41: PASS | E41: tính lại 0.9991 / báo cáo 0.9991
... A53: positioning_checks.json | C53: E. optimised, member 2 (positive + Bray-Curtis): nearest training row | D53: PASS | E53: tính lại 25 / báo cáo 25
